ScanDir ID,Site,Gender,Age,Handedness,DX,Secondary Dx,ADHD Measure,ADHD Index,Inattentive,Hyper/Impulsive,IQ Measure,Verbal IQ,Performance IQ,Full2 IQ,Full4 IQ,Med Status,QC_Athena,QC_NIAK,has_secondary_dx,target
2371032,3,Female,10.73,Right,0.0,,2,47.0,55.0,43.0,1.0,121.0,119.0,,122.0,1,1.0,1.0,0,0.0
2026113,3,Female,12.99,Right,1.0,,2,90.0,89.0,78.0,1.0,122.0,108.0,,106.0,1,1.0,1.0,0,1.0
3434578,3,Female,8.12,Right,0.0,,2,42.0,42.0,43.0,1.0,85.0,98.0,,89.0,1,1.0,1.0,0,0.0
8628223,3,Female,10.81,Right,0.0,Simple phobia,2,42.0,49.0,49.0,1.0,85.0,86.0,,97.0,1,1.0,1.0,1,0.0
1623716,3,Female,12.65,Right,1.0,,2,87.0,90.0,90.0,1.0,89.0,88.0,,89.0,1,1.0,1.0,0,1.0
1594156,3,Male,12.87,Right,0.0,Simple Phobia,2,54.0,55.0,57.0,1.0,124.0,104.0,,108.0,1,1.0,1.0,1,0.0
2930625,3,Male,9.97,Right,0.0,,2,40.0,40.0,50.0,1.0,91.0,127.0,,106.0,1,1.0,1.0,0,0.0
3154996,3,Male,11.65,Right,3.0,,2,64.0,74.0,58.0,1.0,93.0,98.0,,88.0,1,1.0,1.0,0,1.0
3160561,3,Male,11.95,Right,1.0,,2,71.0,62.0,70.0,1.0,93.0,108.0,,99.0,1,1.0,1.0,0,1.0
4275075,3,Female,10.5,Right,3.0,,2,87.0,75.0,69.0,1.0,93.0,100.0,,94.0,1,1.0,1.0,0,1.0
2917777,3,Male,12.66,Right,0.0,,2,,,,1.0,95.0,104.0,,100.0,1,1.0,1.0,0,0.0
2558999,3,Male,8.87,Right,0.0,,2,40.0,40.0,43.0,1.0,130.0,108.0,,120.0,1,1.0,1.0,0,0.0
2740232,3,Male,11.09,Right,0.0,,2,42.0,43.0,48.0,1.0,99.0,102.0,,85.0,1,1.0,0.0,0,0.0
1018959,3,Female,12.36,Right,0.0,,2,44.0,47.0,44.0,1.0,121.0,100.0,,110.0,1,1.0,1.0,0,0.0
2572285,3,Male,8.33,Right,0.0,,2,46.0,48.0,43.0,1.0,96.0,119.0,,106.0,1,1.0,1.0,0,0.0
1962503,3,Female,8.67,Left,0.0,simple phobias,2,48.0,48.0,49.0,1.0,102.0,110.0,,115.0,1,1.0,1.0,1,0.0
1842819,3,Male,10.09,Right,0.0,,2,50.0,52.0,44.0,1.0,110.0,92.0,,105.0,1,1.0,1.0,0,0.0
1873761,3,Female,10.36,Right,1.0,ODD,2,90.0,90.0,90.0,1.0,138.0,108.0,,126.0,1,1.0,1.0,1,1.0
3103809,3,Male,9.3,Right,0.0,,2,41.0,43.0,48.0,1.0,104.0,92.0,,102.0,1,1.0,1.0,0,0.0
3699991,3,Male,12.77,Right,0.0,,2,42.0,41.0,43.0,1.0,104.0,102.0,,98.0,1,0.0,1.0,0,0.0
1535233,3,Male,9.64,Left,0.0,,2,42.0,41.0,43.0,1.0,136.0,96.0,,120.0,1,1.0,1.0,0,0.0
4154182,3,Female,9.75,Right,0.0,,2,49.0,42.0,46.0,1.0,106.0,123.0,,111.0,1,1.0,1.0,0,0.0
6453038,3,Female,8.72,Right,1.0,,2,62.0,65.0,61.0,1.0,106.0,106.0,,108.0,1,1.0,1.0,0,1.0
3486975,3,Female,11.73,Right,0.0,,2,42.0,42.0,43.0,1.0,108.0,121.0,,117.0,1,1.0,1.0,0,0.0
3912996,3,Female,9.79,Right,0.0,,2,49.0,53.0,43.0,1.0,108.0,110.0,,109.0,1,0.0,0.0,0,0.0
1686265,3,Male,8.02,Left,0.0,,2,50.0,51.0,43.0,1.0,112.0,119.0,,108.0,1,1.0,1.0,0,0.0
2014113,3,Male,10.35,Right,1.0,,2,60.0,65.0,66.0,1.0,108.0,106.0,,102.0,1,1.0,1.0,0,1.0
1996183,3,Male,11.04,Right,3.0,ODD,2,77.0,76.0,66.0,1.0,116.0,123.0,,112.0,1,1.0,1.0,1,1.0
7129258,3,Male,9.73,Right,0.0,,2,42.0,40.0,44.0,1.0,110.0,108.0,,112.0,1,1.0,1.0,0,0.0
1779922,3,Male,10.84,Right,0.0,,2,43.0,41.0,48.0,1.0,116.0,137.0,,124.0,1,1.0,1.0,0,0.0
3310328,3,Male,9.97,Right,2.0,,2,64.0,61.0,68.0,1.0,110.0,123.0,,113.0,1,1.0,1.0,0,1.0
2618929,3,Male,10.09,Right,0.0,,2,41.0,40.0,43.0,1.0,104.0,100.0,,96.0,1,1.0,1.0,0,0.0
1652369,3,Female,10.6,Left,0.0,,2,42.0,47.0,46.0,1.0,112.0,106.0,,115.0,1,1.0,1.0,0,0.0
4104523,3,Male,12.43,Right,0.0,,2,42.0,43.0,45.0,1.0,112.0,98.0,,101.0,1,1.0,0.0,0,0.0
8083695,3,Male,8.62,Right,0.0,,2,42.0,48.0,41.0,1.0,112.0,125.0,,121.0,1,1.0,1.0,0,0.0
6346605,3,Male,10.69,Right,0.0,,2,49.0,53.0,48.0,1.0,112.0,110.0,,104.0,1,1.0,1.0,0,0.0
9922944,3,Male,10.3,Right,0.0,,2,49.0,50.0,54.0,1.0,112.0,110.0,,109.0,1,1.0,1.0,0,0.0
1638334,3,Female,10.44,Right,0.0,,2,52.0,51.0,43.0,1.0,87.0,104.0,,98.0,1,1.0,1.0,0,0.0
1692275,3,Female,10.78,Right,0.0,,2,42.0,42.0,43.0,1.0,108.0,119.0,,105.0,1,1.0,1.0,0,0.0
2641332,3,Female,10.38,Right,0.0,,2,42.0,42.0,43.0,1.0,114.0,92.0,,95.0,1,1.0,1.0,0,0.0
8263351,3,Male,8.34,Right,0.0,,2,54.0,51.0,48.0,1.0,114.0,106.0,,107.0,1,1.0,1.0,0,0.0
3884955,3,Male,11.84,Right,0.0,,2,40.0,41.0,46.0,1.0,119.0,123.0,,134.0,1,1.0,1.0,0,0.0
2344857,3,Female,8.92,Right,0.0,,2,45.0,44.0,47.0,1.0,119.0,108.0,,119.0,1,1.0,1.0,0,0.0
2822304,3,Female,9.62,Right,0.0,,2,50.0,44.0,60.0,1.0,119.0,98.0,,111.0,1,1.0,1.0,0,0.0
8658218,3,Male,9.75,Right,0.0,Simple Phobia,2,56.0,55.0,52.0,1.0,119.0,115.0,,114.0,1,1.0,1.0,1,0.0
3119327,3,Male,10.15,Left,3.0,ODD; Phobia,2,67.0,64.0,60.0,1.0,119.0,125.0,,119.0,1,1.0,1.0,1,1.0
2299519,3,Male,11.89,Right,1.0,,2,69.0,67.0,76.0,1.0,110.0,79.0,,86.0,1,1.0,1.0,0,1.0
3813783,3,Female,10.55,Right,0.0,,2,42.0,42.0,46.0,1.0,121.0,131.0,,132.0,1,1.0,1.0,0,0.0
2640795,3,Male,12.47,Right,0.0,,2,44.0,43.0,54.0,1.0,136.0,108.0,,119.0,1,1.0,1.0,0,0.0
4601682,3,Female,11.02,Right,0.0,,2,44.0,42.0,49.0,1.0,121.0,108.0,,115.0,1,1.0,1.0,0,0.0
3972472,3,Female,9.12,Right,0.0,,2,55.0,57.0,51.0,1.0,121.0,94.0,,109.0,1,1.0,1.0,0,0.0
2018106,3,Male,11.66,Right,0.0,Specific phobia,2,53.0,55.0,52.0,1.0,108.0,110.0,,114.0,1,1.0,1.0,1,0.0
2104012,3,Male,9.62,Left,0.0,,2,42.0,43.0,44.0,1.0,116.0,123.0,,115.0,1,1.0,1.0,0,0.0
5216908,3,Male,10.82,Right,0.0,Phobia,2,46.0,49.0,46.0,1.0,124.0,79.0,,98.0,1,1.0,1.0,1,0.0
1019436,3,Male,12.98,Right,3.0,,2,71.0,60.0,66.0,1.0,99.0,115.0,,103.0,1,1.0,1.0,0,1.0
8432725,3,Female,11.51,Right,0.0,Simple Phobia,2,,,,1.0,126.0,102.0,,116.0,1,1.0,1.0,1,0.0
1043241,3,Male,9.12,Right,0.0,,2,40.0,40.0,43.0,1.0,124.0,108.0,,122.0,1,1.0,1.0,0,0.0
2554127,3,Male,9.02,Right,0.0,,2,46.0,41.0,47.0,1.0,138.0,121.0,,120.0,1,1.0,1.0,0,0.0
3713230,3,Female,11.67,Right,0.0,,2,44.0,42.0,54.0,1.0,132.0,106.0,,119.0,1,1.0,1.0,0,0.0
3902469,3,Male,10.64,Right,0.0,,2,50.0,53.0,50.0,1.0,132.0,112.0,,124.0,1,1.0,1.0,0,0.0
3972956,3,Male,10.12,Right,0.0,,2,41.0,41.0,43.0,1.0,134.0,127.0,,131.0,1,1.0,1.0,0,0.0
7415617,3,Male,10.9,Right,0.0,,2,43.0,45.0,43.0,1.0,134.0,106.0,,117.0,1,1.0,1.0,0,0.0
3519022,3,Female,8.1,Right,1.0,ODD,2,84.0,88.0,75.0,1.0,134.0,129.0,,134.0,1,1.0,1.0,1,1.0
1266183,3,Female,9.67,Right,0.0,,2,47.0,44.0,43.0,1.0,128.0,106.0,,120.0,1,1.0,1.0,0,0.0
1846346,3,Female,8.91,Right,0.0,,2,42.0,42.0,43.0,1.0,100.0,106.0,,109.0,1,1.0,1.0,0,0.0
2768273,3,Female,9.24,Right,0.0,,2,48.0,51.0,43.0,1.0,140.0,112.0,,122.0,1,1.0,1.0,0,0.0
3917422,3,Male,8.19,Right,1.0,,2,62.0,60.0,61.0,1.0,142.0,119.0,,126.0,1,1.0,1.0,0,1.0
4362730,3,Female,8.99,Right,1.0,social and simple phobia,2,77.0,80.0,83.0,1.0,146.0,106.0,,121.0,1,1.0,1.0,1,1.0
8337695,3,Male,8.8,Right,1.0,ODD,2,71.0,74.0,82.0,1.0,93.0,112.0,,94.0,2,1.0,1.0,1,1.0
3611827,3,Male,9.08,Left,1.0,,2,62.0,64.0,56.0,1.0,95.0,106.0,,89.0,2,1.0,1.0,0,1.0
1541812,3,Female,8.45,Right,1.0,,2,79.0,90.0,83.0,1.0,106.0,135.0,,122.0,2,1.0,1.0,0,1.0
2601925,3,Male,9.58,Right,0.0,,2,,,,1.0,100.0,106.0,,99.0,2,1.0,1.0,0,0.0
7774305,3,Female,11.22,Right,0.0,,2,42.0,42.0,43.0,1.0,104.0,92.0,,108.0,2,1.0,1.0,0,0.0
2138826,3,Female,8.46,Right,0.0,,2,42.0,42.0,43.0,1.0,124.0,106.0,,119.0,2,1.0,1.0,0,0.0
3170319,3,Female,9.52,Right,1.0,ODD,2,67.0,73.0,69.0,1.0,112.0,125.0,,122.0,2,1.0,1.0,1,1.0
1988015,3,Male,11.17,Right,0.0,Simple Phobia,2,46.0,44.0,50.0,1.0,100.0,108.0,,99.0,2,1.0,1.0,1,0.0
1735881,3,Female,9.39,Mixed,0.0,,2,49.0,47.0,54.0,1.0,114.0,102.0,,116.0,2,1.0,1.0,0,0.0
2081148,3,Female,9.43,Right,1.0,,2,79.0,75.0,83.0,1.0,81.0,98.0,,88.0,2,1.0,1.0,0,1.0
2360428,3,Male,8.56,Right,0.0,,2,43.0,43.0,59.0,1.0,119.0,102.0,,113.0,2,0.0,1.0,0,0.0
2903997,3,Female,11.91,Right,0.0,,2,44.0,49.0,43.0,1.0,121.0,121.0,,126.0,2,1.0,1.0,0,0.0
2703289,3,Male,11.1,Right,0.0,,2,41.0,40.0,43.0,1.0,124.0,117.0,,109.0,2,1.0,1.0,0,0.0
1577042,3,Male,9.06,Right,1.0,,2,78.0,73.0,89.0,1.0,100.0,90.0,,90.0,2,1.0,1.0,0,1.0
2621228,3,Female,8.98,Right,0.0,,2,46.0,48.0,45.0,1.0,112.0,110.0,,116.0,2,1.0,1.0,0,0.0
1017176,4,Female,11.66,Right,0.0,,,,,,,,,,,,1.0,1.0,0,0.0
1125505,4,Male,19.3,Right,0.0,,,,,,,,,,,,1.0,1.0,0,0.0
1208586,4,Male,20.89,Right,2.0,,,,,,,,,,,,1.0,1.0,0,1.0
1312097,4,Male,15.41,Right,0.0,,,,,,,,,,,,1.0,1.0,0,0.0
1411495,4,Female,15.21,Right,0.0,,,,,,,,,,,,1.0,1.0,0,0.0
1438162,4,Female,11.85,Right,1.0,,,,,,,,,,,,0.0,1.0,0,1.0
1538046,4,Female,14.59,Right,0.0,,,,,,,,,,,,1.0,1.0,0,0.0
1585708,4,Male,15.96,Right,1.0,,,,,,,,,,,,1.0,1.0,0,1.0
1588809,4,Female,20.08,Right,0.0,,,,,,,,,,,,1.0,1.0,0,0.0
2029723,4,Male,16.5,Right,1.0,,,,,,,,,,,,1.0,1.0,0,1.0
2074737,4,Male,14.09,Right,2.0,,,,,,,,,,,,1.0,1.0,0,1.0
2352986,4,Male,20.47,Right,0.0,,,,,,,,,,,,1.0,1.0,0,0.0
2419464,4,Female,20.04,Right,0.0,,,,,,,,,,,,1.0,1.0,0,0.0
2574674,4,Female,14.05,Right,0.0,,,,,,,,,,,,0.0,1.0,0,0.0
2671604,4,Male,17.46,Right,0.0,,,,,,,,,,,,1.0,1.0,0,0.0
2756846,4,Female,19.27,Right,0.0,,,,,,,,,,,,1.0,1.0,0,0.0
2876903,4,Male,11.05,Right,2.0,,,,,,,,,,,,1.0,1.0,0,1.0
2961243,4,Male,16.51,Right,1.0,,,,,,,,,,,,1.0,1.0,0,1.0
3007585,4,Male,19.05,Right,0.0,,,,,,,,,,,,1.0,1.0,0,0.0
3048588,4,Male,13.92,Right,1.0,,,,,,,,,,,,1.0,1.0,0,1.0
3082137,4,Male,17.93,Left,1.0,,,,,,,,,,,,0.0,1.0,0,1.0
3108222,4,Male,13.33,Right,1.0,,,,,,,,,,,,1.0,1.0,0,1.0
3190461,4,Male,19.88,Right,2.0,,,,,,,,,,,,0.0,1.0,0,1.0
3304956,4,Male,15.78,Right,0.0,,,,,,,,,,,,0.0,1.0,0,0.0
3322144,4,Male,17.5,Right,1.0,,,,,,,,,,,,0.0,0.0,0,1.0
3449233,4,Male,20.15,Right,1.0,,,,,,,,,,,,1.0,1.0,0,1.0
3515506,4,Male,18.8,Right,3.0,,,,,,,,,,,,1.0,1.0,0,1.0
3566449,4,Male,17.78,Right,1.0,,,,,,,,,,,,1.0,1.0,0,1.0
3808273,4,Male,14.25,Right,1.0,,,,,,,,,,,,1.0,1.0,0,1.0
3858891,4,Male,18.32,Right,0.0,,,,,,,,,,,,1.0,1.0,0,0.0
3888614,4,Male,16.8,Right,1.0,,,,,,,,,,,,1.0,1.0,0,1.0
3941358,4,Male,18.2,Right,1.0,,,,,,,,,,,,0.0,1.0,0,1.0
3959823,4,Female,17.5,Right,0.0,,,,,,,,,,,,1.0,1.0,0,0.0
3980079,4,Male,19.15,Right,1.0,,,,,,,,,,,,1.0,1.0,0,1.0
4020830,4,Female,18.19,Right,0.0,,,,,,,,,,,,1.0,1.0,0,0.0
4134561,4,Male,15.55,Right,0.0,,,,,,,,,,,,1.0,1.0,0,0.0
4239636,4,Male,20.54,Left,1.0,,,,,,,,,,,,1.0,1.0,0,1.0
4285031,4,Male,12.84,Right,0.0,,,,,,,,,,,,1.0,1.0,0,0.0
4919979,4,Female,12.02,Right,1.0,,,,,,,,,,,,1.0,1.0,0,1.0
5045355,4,Female,19.66,Right,1.0,,,,,,,,,,,,1.0,1.0,0,1.0
6115230,4,Male,19.39,Left,0.0,,,,,,,,,,,,1.0,1.0,0,0.0
7339173,4,Female,21.74,Left,0.0,,,,,,,,,,,,1.0,1.0,0,0.0
7446626,4,Female,13.81,Right,2.0,,,,,,,,,,,,1.0,1.0,0,1.0
7504392,4,Female,18.01,Right,1.0,,,,,,,,,,,,1.0,1.0,0,1.0
8387093,4,Male,18.59,Left,2.0,,,,,,,,,,,,1.0,1.0,0,1.0
8409791,4,Male,17.59,Right,0.0,,,,,,,,,,,,1.0,1.0,0,0.0
8991934,4,Female,17.01,Right,0.0,,,,,,,,,,,,1.0,1.0,0,0.0
9956994,4,Female,18.02,Right,0.0,,,,,,,,,,,,1.0,1.0,0,0.0
1000804,5,Male,7.29,Right,0.0,,2,40.0,41.0,41.0,2.0,112.0,103.0,,109.0,1,1.0,1.0,0,0.0
1023964,5,Male,8.29,Right,3.0,,2,60.0,56.0,48.0,2.0,115.0,125.0,,123.0,,1.0,1.0,0,1.0
1057962,5,Male,8.78,Left,1.0,,2,77.0,81.0,80.0,2.0,131.0,121.0,,129.0,1,1.0,1.0,0,1.0
1099481,5,Female,8.04,Right,1.0,,2,86.0,82.0,85.0,2.0,109.0,120.0,,116.0,1,1.0,1.0,0,1.0
1127915,5,Female,12.44,Mixed,0.0,,2,42.0,43.0,44.0,2.0,117.0,126.0,,124.0,1,1.0,1.0,0,0.0
1187766,5,Male,12.79,Right,1.0,,2,64.0,52.0,70.0,2.0,109.0,134.0,,129.0,,1.0,1.0,0,1.0
1208795,5,Female,9.57,Mixed,3.0,Adjustment disorder with depressed mood,2,62.0,66.0,43.0,2.0,122.0,109.0,,118.0,,1.0,1.0,1,1.0
1283494,5,Male,8.61,Right,1.0,,2,64.0,69.0,65.0,2.0,106.0,106.0,,107.0,1,1.0,1.0,0,1.0
1320247,5,Male,8.59,Mixed,0.0,,2,43.0,41.0,48.0,2.0,131.0,108.0,,122.0,1,1.0,1.0,0,0.0
1359325,5,Male,10.76,Right,0.0,,2,,,,2.0,131.0,135.0,,138.0,1,1.0,1.0,0,0.0
1435954,5,Male,11.92,Right,0.0,,2,45.0,44.0,43.0,2.0,102.0,119.0,,111.0,1,1.0,0.0,0,0.0
1471736,5,Male,13.32,Right,3.0,,2,63.0,63.0,52.0,2.0,106.0,91.0,,99.0,,0.0,1.0,0,1.0
1497055,5,Male,8.56,Right,1.0,,2,77.0,76.0,87.0,2.0,126.0,119.0,,125.0,,1.0,1.0,0,1.0
1511464,5,Male,10.12,Right,3.0,,2,71.0,74.0,62.0,2.0,110.0,104.0,,108.0,,1.0,1.0,0,1.0
1517240,5,Male,10.06,Right,1.0,"LD, ODD",2,76.0,77.0,68.0,2.0,125.0,117.0,,125.0,,1.0,1.0,1,1.0
1567356,5,Female,8.91,Mixed,0.0,,2,42.0,44.0,43.0,2.0,117.0,128.0,,125.0,1,1.0,1.0,0,0.0
1700637,5,Female,7.68,Mixed,0.0,,2,43.0,42.0,43.0,2.0,93.0,100.0,,97.0,1,1.0,1.0,0,0.0
1737393,5,Male,11.24,Left,0.0,,2,42.0,41.0,41.0,2.0,126.0,128.0,,130.0,1,1.0,1.0,0,0.0
1740607,5,Female,10.26,Right,3.0,,2,84.0,80.0,67.0,2.0,108.0,128.0,,119.0,1,1.0,1.0,0,1.0
1780174,5,Male,11.18,Right,1.0,ODD (Agression),2,60.0,61.0,66.0,2.0,96.0,118.0,,107.0,1,0.0,1.0,1,1.0
1854959,5,Female,12.99,Right,0.0,,2,54.0,54.0,59.0,2.0,112.0,96.0,,105.0,1,1.0,1.0,0,0.0
1875084,5,Female,7.17,Right,0.0,,2,45.0,44.0,43.0,2.0,85.0,94.0,,90.0,1,1.0,1.0,0,0.0
1884448,5,Male,8.91,Mixed,0.0,,2,40.0,40.0,41.0,2.0,91.0,109.0,,100.0,1,0.0,1.0,0,0.0
1918630,5,Male,7.55,Mixed,1.0,,2,69.0,64.0,65.0,2.0,115.0,129.0,,125.0,,1.0,1.0,0,1.0
1934623,5,Female,8.45,Right,0.0,,2,42.0,42.0,45.0,2.0,111.0,112.0,,114.0,1,1.0,1.0,0,0.0
1992284,5,Male,7.26,Mixed,1.0,,2,74.0,68.0,82.0,2.0,120.0,106.0,,115.0,,1.0,1.0,0,1.0
1995121,5,Male,11.43,Right,0.0,,2,41.0,40.0,46.0,2.0,130.0,119.0,,127.0,1,1.0,1.0,0,0.0
2030383,5,Male,13.56,Mixed,1.0,,2,55.0,51.0,63.0,2.0,141.0,114.0,,131.0,,1.0,1.0,0,1.0
2054438,5,Male,8.11,Mixed,1.0,,2,63.0,61.0,59.0,2.0,101.0,103.0,,102.0,2,1.0,1.0,0,1.0
2107638,5,Male,10.41,Right,1.0,,2,75.0,74.0,72.0,2.0,109.0,106.0,,109.0,2,1.0,1.0,0,1.0
2136051,5,Male,9.23,Right,0.0,,2,42.0,44.0,48.0,2.0,127.0,106.0,,118.0,1,0.0,0.0,0,0.0
2230510,5,Male,9.17,Right,1.0,specific phobia,2,72.0,71.0,79.0,2.0,98.0,93.0,,95.0,,1.0,1.0,1,1.0
2260910,5,Male,12.07,Mixed,1.0,Dysthymic disorder; Specific phobia,2,56.0,62.0,52.0,2.0,108.0,88.0,,98.0,,1.0,1.0,1,1.0
2297413,5,Male,11.06,Right,3.0,,2,77.0,80.0,70.0,2.0,114.0,94.0,,105.0,2,1.0,0.0,0,1.0
2306976,5,Male,11.53,Right,1.0,subthreshold anxiety,2,65.0,64.0,68.0,2.0,115.0,104.0,,111.0,,1.0,1.0,1,1.0
2497695,5,Male,11.61,Right,1.0,,2,82.0,80.0,79.0,2.0,107.0,123.0,,116.0,,1.0,1.0,0,1.0
2570769,5,Male,13.49,Right,1.0,dyslexia; dysgraphia,2,75.0,70.0,66.0,2.0,88.0,82.0,,84.0,2,1.0,1.0,1,1.0
2682736,5,Male,10.78,Right,1.0,ODD,2,69.0,73.0,74.0,2.0,106.0,107.0,,107.0,2,1.0,1.0,1,1.0
2730704,5,Female,10.21,Right,0.0,,2,55.0,49.0,57.0,2.0,107.0,83.0,,94.0,1,1.0,1.0,0,0.0
2735617,5,Male,11.42,Right,0.0,some subclinical inattentive symptoms; and anxiety regarding cockroaches,2,45.0,49.0,43.0,2.0,122.0,126.0,,127.0,1,1.0,1.0,1,0.0
2741068,5,Male,8.53,Right,1.0,subthreshold anxiety,2,76.0,78.0,72.0,2.0,118.0,107.0,,114.0,,1.0,0.0,1,1.0
2773205,5,Female,8.38,Right,3.0,,2,83.0,90.0,65.0,2.0,98.0,120.0,,109.0,2,1.0,1.0,0,1.0
2821683,5,Male,10.69,Right,3.0,,2,73.0,73.0,58.0,2.0,123.0,137.0,,134.0,,1.0,1.0,0,1.0
2854839,5,Female,9.17,Right,3.0,,2,71.0,76.0,50.0,2.0,116.0,126.0,,124.0,,0.0,0.0,0,1.0
2907383,5,Female,12.24,Right,0.0,,2,47.0,47.0,43.0,2.0,111.0,105.0,,109.0,1,1.0,1.0,0,0.0
2950672,5,Male,11.28,Right,1.0,,2,58.0,65.0,56.0,2.0,99.0,95.0,,97.0,,1.0,1.0,0,1.0
2983819,5,Female,12.28,Right,3.0,Central Auditory Processing Disorder (by history); MDD in remission; r/o GAD; Anxiety disorder NOS; Dysthymia; Depression NOS,2,90.0,90.0,80.0,2.0,108.0,103.0,,107.0,,0.0,1.0,1,1.0
2991307,5,Male,8.3,Right,0.0,,2,40.0,40.0,41.0,2.0,115.0,117.0,,118.0,1,1.0,1.0,0,0.0
2996531,5,Male,12.62,Right,3.0,mild anxiety  and depressive sx,2,72.0,72.0,72.0,2.0,137.0,119.0,,132.0,,1.0,1.0,1,1.0
3011311,5,Female,11.56,Right,0.0,,2,47.0,44.0,43.0,2.0,115.0,91.0,,103.0,1,1.0,1.0,0,0.0
3163200,5,Male,11.91,Right,0.0,,2,49.0,50.0,46.0,2.0,120.0,117.0,,121.0,1,1.0,1.0,0,0.0
3174224,5,Male,8.49,Right,1.0,past major depressive episode,2,79.0,83.0,76.0,2.0,109.0,88.0,,99.0,,1.0,1.0,1,1.0
3235580,5,Female,8.61,Right,1.0,anxiety disorder NOS,2,66.0,80.0,69.0,2.0,123.0,107.0,,117.0,,1.0,1.0,1,1.0
3243657,5,Female,8.56,Right,0.0,,2,41.0,45.0,41.0,2.0,100.0,99.0,,99.0,1,0.0,1.0,0,0.0
3349205,5,Female,10.21,Mixed,3.0,subthreshold anxiety,2,75.0,68.0,63.0,2.0,104.0,97.0,,100.0,1,1.0,1.0,1,1.0
3349423,5,Male,12.59,Right,0.0,,2,42.0,46.0,43.0,2.0,121.0,120.0,,124.0,1,1.0,1.0,0,0.0
3433846,5,Male,10.36,Right,1.0,Tics,2,64.0,65.0,60.0,2.0,107.0,97.0,,102.0,1,1.0,1.0,1,1.0
3441455,5,Male,9.26,Right,3.0,,2,63.0,61.0,54.0,2.0,135.0,116.0,,128.0,1,1.0,1.0,0,1.0
3457975,5,Female,7.86,Right,1.0,,2,86.0,84.0,73.0,2.0,123.0,126.0,,128.0,,1.0,1.0,0,1.0
3518345,5,Female,7.67,Right,0.0,,2,45.0,44.0,47.0,2.0,119.0,126.0,,124.0,1,1.0,1.0,0,0.0
3542588,5,Female,8.05,Right,1.0,,2,74.0,80.0,63.0,2.0,98.0,94.0,,107.0,1,1.0,1.0,0,1.0
3601861,5,Female,9.24,Mixed,1.0,,2,82.0,79.0,90.0,2.0,99.0,82.0,,88.0,,1.0,1.0,0,1.0
3619797,5,Male,7.49,Mixed,1.0,,2,74.0,73.0,71.0,2.0,106.0,100.0,,103.0,1,1.0,1.0,0,1.0
3650634,5,Female,13.25,Right,0.0,,2,42.0,43.0,44.0,2.0,99.0,101.0,,100.0,1,1.0,1.0,0,0.0
3653737,5,Male,9.38,Mixed,1.0,,2,63.0,61.0,66.0,2.0,106.0,104.0,,106.0,,1.0,0.0,0,1.0
3662296,5,Female,12.45,Right,0.0,,2,42.0,43.0,47.0,2.0,90.0,104.0,,98.0,1,0.0,0.0,0,0.0
3679455,5,Male,11.97,Right,1.0,ODD sx,2,73.0,68.0,81.0,2.0,114.0,89.0,,102.0,1,0.0,0.0,1,1.0
3845761,5,Male,8.19,Mixed,0.0,,2,40.0,40.0,43.0,2.0,117.0,102.0,,110.0,1,1.0,1.0,0,0.0
3999344,5,Female,9.27,Mixed,0.0,,2,45.0,48.0,65.0,2.0,134.0,98.0,,116.0,1,0.0,1.0,0,0.0
4060823,5,Male,11.8,Right,3.0,Reading Disorder,2,65.0,76.0,52.0,2.0,85.0,107.0,,95.0,2,1.0,1.0,1,1.0
4079254,5,Male,10.19,Right,0.0,,2,43.0,45.0,43.0,2.0,119.0,106.0,,115.0,1,1.0,1.0,0,0.0
4084645,5,Female,7.63,Mixed,0.0,,2,42.0,46.0,50.0,2.0,110.0,108.0,,111.0,1,1.0,1.0,0,0.0
4095229,5,Male,9.32,Right,1.0,,2,60.0,64.0,58.0,2.0,99.0,92.0,,95.0,1,0.0,1.0,0,1.0
4116166,5,Female,10.81,Right,1.0,,2,72.0,60.0,86.0,2.0,122.0,93.0,,108.0,1,1.0,1.0,0,1.0
4154672,5,Male,9.23,Right,1.0,,2,76.0,73.0,74.0,2.0,118.0,117.0,,119.0,,1.0,1.0,0,1.0
4164316,5,Male,10.69,Mixed,0.0,,2,42.0,40.0,44.0,2.0,92.0,72.0,,80.0,1,1.0,1.0,0,0.0
4187857,5,Male,13.28,Right,1.0,,2,62.0,55.0,54.0,2.0,105.0,111.0,,109.0,2,1.0,1.0,0,1.0
4562206,5,Female,7.91,Mixed,0.0,,2,42.0,42.0,47.0,2.0,112.0,104.0,,109.0,1,1.0,1.0,0,0.0
4827048,5,Female,13.22,Right,0.0,,2,44.0,45.0,56.0,2.0,108.0,99.0,,104.0,1,1.0,1.0,0,0.0
5164727,5,Female,10.16,Mixed,1.0,,2,90.0,90.0,90.0,2.0,117.0,109.0,,115.0,1,1.0,1.0,0,1.0
5971050,5,Male,7.24,Right,1.0,disruptive behavior disorder NOS,2,68.0,64.0,71.0,2.0,101.0,88.0,,94.0,1,1.0,1.0,1,1.0
6206397,5,Female,11.56,Right,0.0,,2,50.0,53.0,46.0,2.0,85.0,79.0,,80.0,1,1.0,0.0,0,0.0
6568351,5,Female,8.1,Mixed,0.0,subthreshold anxiety,2,52.0,59.0,49.0,2.0,102.0,99.0,,101.0,1,1.0,0.0,1,0.0
8009688,5,Female,11.33,Right,3.0,very mild PDD traits,2,84.0,84.0,86.0,2.0,101.0,116.0,,109.0,1,1.0,1.0,1,1.0
8415034,5,Female,11.79,Right,0.0,,2,47.0,47.0,46.0,2.0,108.0,95.0,,102.0,1,1.0,0.0,0,0.0
8692452,5,Male,12.25,Right,0.0,,2,45.0,43.0,52.0,2.0,120.0,127.0,,123.0,1,1.0,1.0,0,0.0
8697774,5,Male,9.92,Right,1.0,specific phobia,2,67.0,67.0,79.0,2.0,97.0,106.0,,101.0,2,0.0,1.0,1,1.0
8834383,5,Male,8.8,Right,0.0,,2,56.0,51.0,47.0,2.0,106.0,103.0,,106.0,1,1.0,1.0,0,0.0
8915162,5,Male,10.7,Right,1.0,,2,76.0,69.0,83.0,2.0,136.0,124.0,,134.0,1,1.0,1.0,0,1.0
9326955,5,Male,10.92,Right,1.0,,2,76.0,76.0,87.0,2.0,95.0,96.0,,95.0,,1.0,1.0,0,1.0
9578663,5,Female,8.26,Right,0.0,,2,42.0,42.0,43.0,2.0,143.0,117.0,,134.0,1,1.0,1.0,0,0.0
9750701,5,Male,10.74,Right,0.0,,2,41.0,40.0,43.0,2.0,103.0,121.0,,113.0,1,1.0,0.0,0,0.0
9907452,5,Male,9.98,Right,3.0,dysgraphia,2,62.0,64.0,46.0,2.0,130.0,127.0,,132.0,1,1.0,1.0,1,1.0
10001,5,Female,11.17,Right,3.0,,2,90.0,90.0,80.0,2.0,106.0,91.0,,99.0,,1.0,1.0,0,1.0
10003,5,Female,9.29,Mixed,0.0,,2,42.0,42.0,43.0,2.0,107.0,93.0,,100.0,1,1.0,0.0,0,0.0
10004,5,Female,13.75,Mixed,0.0,,2,42.0,43.0,44.0,2.0,-999.0,-999.0,,-999.0,1,1.0,1.0,0,0.0
10005,5,Male,11.92,Right,2.0,,2,63.0,59.0,70.0,2.0,98.0,118.0,,108.0,2,1.0,1.0,0,1.0
10016,5,Male,8.7,Right,1.0,,2,74.0,78.0,76.0,2.0,87.0,78.0,,80.0,,,,0,1.0
10009,5,Male,12.1,Right,0.0,,2,43.0,42.0,43.0,2.0,112.0,99.0,,107.0,1,1.0,1.0,0,0.0
10010,5,Male,11.32,Right,0.0,,2,45.0,44.0,44.0,2.0,141.0,133.0,,142.0,1,1.0,1.0,0,0.0
10012,5,Female,12.41,Right,1.0,,2,82.0,67.0,74.0,2.0,102.0,97.0,,100.0,,1.0,1.0,0,1.0
10018,5,Male,11.54,Right,1.0,,2,70.0,74.0,66.0,2.0,89.0,100.0,,94.0,,1.0,1.0,0,1.0
10020,5,Female,8.37,Right,1.0,,2,80.0,76.0,77.0,2.0,105.0,86.0,,95.0,,1.0,1.0,0,1.0
10021,5,Female,12.54,Right,0.0,,2,56.0,56.0,62.0,2.0,112.0,105.0,,109.0,1,1.0,1.0,0,0.0
10022,5,Male,12.12,Mixed,1.0,,2,78.0,73.0,79.0,2.0,108.0,100.0,,105.0,,1.0,1.0,0,1.0
10023,5,Male,13.42,Mixed,0.0,,2,50.0,52.0,54.0,2.0,104.0,105.0,,105.0,1,1.0,1.0,0,0.0
10028,5,Male,9.42,Right,3.0,,2,69.0,67.0,70.0,2.0,99.0,87.0,,92.0,1,1.0,1.0,0,1.0
10030,5,Male,12.41,Right,3.0,,2,75.0,75.0,72.0,2.0,100.0,105.0,,103.0,,1.0,1.0,0,1.0
10038,5,Female,12.79,Mixed,0.0,,2,47.0,45.0,47.0,2.0,142.0,129.0,,140.0,1,1.0,1.0,0,0.0
10034,5,Female,10.86,Right,0.0,,2,42.0,42.0,43.0,2.0,99.0,111.0,,106.0,1,1.0,1.0,0,0.0
10031,5,Female,11.87,Mixed,0.0,,2,54.0,53.0,54.0,2.0,97.0,77.0,,85.0,1,1.0,1.0,0,0.0
10032,5,Male,11.1,Right,1.0,,2,80.0,77.0,78.0,2.0,91.0,91.0,,89.0,,1.0,0.0,0,1.0
10035,5,Male,8.95,Right,3.0,,2,71.0,79.0,54.0,2.0,109.0,106.0,,109.0,,1.0,1.0,0,1.0
10037,5,Male,10.9,Right,1.0,,2,68.0,67.0,78.0,2.0,100.0,85.0,,91.0,,1.0,1.0,0,1.0
10039,5,Male,13.28,Right,0.0,,2,47.0,46.0,50.0,2.0,93.0,86.0,,87.0,1,1.0,1.0,0,0.0
10042,5,Male,10.65,Right,1.0,,2,65.0,59.0,56.0,2.0,100.0,115.0,,108.0,,1.0,1.0,0,1.0
10044,5,,9.81,Mixed,1.0,,2,,,,2.0,98.0,119.0,,108.0,2,1.0,1.0,0,1.0
10050,5,Male,17.43,Right,1.0,,2,71.0,69.0,75.0,2.0,119.0,97.0,,109.0,2,1.0,1.0,0,1.0
10051,5,Male,15.4,Right,3.0,,2,55.0,57.0,47.0,2.0,109.0,102.0,,107.0,2,1.0,1.0,0,1.0
10052,5,Male,16.31,Right,0.0,subthreshold anxiety,2,46.0,46.0,43.0,2.0,83.0,83.0,,81.0,1,1.0,1.0,1,0.0
10053,5,Female,15.28,Left,0.0,,2,42.0,43.0,44.0,2.0,99.0,103.0,,101.0,1,1.0,1.0,0,0.0
10056,5,Male,15.63,Right,3.0,LD,2,,,,2.0,-999.0,-999.0,,-999.0,2,1.0,1.0,1,1.0
10057,5,Male,17.7,Right,0.0,,2,40.0,40.0,46.0,2.0,111.0,92.0,,102.0,1,0.0,1.0,0,0.0
10058,5,Male,14.2,Left,0.0,,2,44.0,42.0,43.0,2.0,121.0,96.0,,109.0,1,1.0,1.0,0,0.0
10059,5,Female,17.89,Right,0.0,,2,45.0,45.0,55.0,2.0,127.0,124.0,,128.0,1,1.0,1.0,0,0.0
10054,5,Male,17.83,Left,0.0,,2,53.0,45.0,49.0,2.0,-999.0,-999.0,,-999.0,1,1.0,1.0,0,0.0
10055,5,Male,10.86,Left,0.0,subthreshold ADHD,2,43.0,40.0,44.0,2.0,97.0,88.0,,91.0,1,,,1,0.0
10048,5,Male,14.95,Right,1.0,,2,72.0,81.0,61.0,2.0,120.0,111.0,,118.0,1,1.0,1.0,0,1.0
10060,5,Male,8.75,Right,1.0,Autistic traits,2,76.0,79.0,67.0,2.0,93.0,104.0,,99.0,2,1.0,1.0,1,1.0
10047,5,Male,12.72,Right,1.0,ODD Sx,2,65.0,68.0,66.0,2.0,109.0,131.0,,122.0,2,1.0,1.0,1,1.0
10061,5,Male,11.41,Right,3.0,Adjustment Disorder with Depressed Mood,2,79.0,79.0,68.0,2.0,99.0,103.0,,101.0,1,0.0,1.0,1,1.0
10062,5,Male,16.14,Right,3.0,LD,2,70.0,72.0,62.0,2.0,132.0,107.0,,122.0,1,1.0,1.0,1,1.0
10063,5,Female,15.91,Mixed,0.0,,2,42.0,45.0,47.0,2.0,109.0,99.0,,105.0,1,1.0,1.0,0,0.0
10064,5,Male,15.9,Right,1.0,social anxiety disorder; specific phobia,2,81.0,81.0,90.0,2.0,95.0,107.0,,101.0,2,1.0,1.0,1,1.0
10065,5,Female,14.19,Right,0.0,,2,46.0,45.0,44.0,2.0,91.0,89.0,,88.0,1,1.0,1.0,0,0.0
10066,5,Female,13.9,Mixed,0.0,,2,42.0,47.0,47.0,2.0,122.0,106.0,,116.0,1,0.0,1.0,0,0.0
10067,5,Male,13.1,Right,3.0,subthreshold ODD,2,74.0,67.0,77.0,2.0,109.0,118.0,,115.0,2,0.0,0.0,1,1.0
10068,5,Male,13.3,Right,0.0,,2,,,,,-999.0,-999.0,,-999.0,1,0.0,1.0,0,0.0
10069,5,Male,16.93,Mixed,0.0,subthreshold anxiety,2,42.0,40.0,43.0,2.0,120.0,120.0,,124.0,1,1.0,1.0,1,0.0
10119,5,Male,7.77,Right,3.0,,2,81.0,79.0,63.0,2.0,101.0,88.0,,94.0,1,1.0,0.0,0,1.0
10109,5,Female,16.08,Right,1.0,,2,58.0,51.0,74.0,2.0,122.0,105.0,,115.0,2,1.0,1.0,0,1.0
10110,5,Female,16.08,Right,0.0,,2,47.0,43.0,43.0,2.0,99.0,97.0,,99.0,1,1.0,1.0,0,0.0
10111,5,Male,7.74,Left,0.0,,2,41.0,40.0,41.0,2.0,108.0,88.0,,98.0,1,1.0,1.0,0,0.0
10046,5,Male,9.75,Right,0.0,,2,43.0,44.0,44.0,2.0,133.0,109.0,,124.0,1,1.0,1.0,0,0.0
10112,5,Male,14.79,Right,0.0,,2,43.0,46.0,43.0,2.0,116.0,106.0,,112.0,1,1.0,1.0,0,0.0
10107,5,Male,17.37,Right,3.0,dyslexia and dysgraphia,2,68.0,66.0,52.0,2.0,104.0,99.0,,102.0,2,0.0,1.0,1,1.0
10019,5,Male,14.81,Right,1.0,,2,76.0,78.0,61.0,2.0,116.0,119.0,,120.0,,1.0,1.0,0,1.0
10077,5,Female,8.03,Mixed,0.0,,2,42.0,42.0,43.0,2.0,99.0,77.0,,86.0,1,1.0,0.0,0,0.0
10078,5,Male,8.19,Mixed,1.0,,2,67.0,73.0,54.0,2.0,113.0,125.0,,121.0,1,1.0,1.0,0,1.0
10079,5,Male,15.27,Right,0.0,,2,50.0,46.0,45.0,2.0,96.0,110.0,,104.0,1,1.0,1.0,0,0.0
10080,5,Female,17.86,Right,0.0,,2,47.0,47.0,43.0,2.0,106.0,103.0,,106.0,1,1.0,1.0,0,0.0
10008,5,Female,14.48,Right,0.0,,2,42.0,45.0,47.0,2.0,113.0,106.0,,111.0,1,1.0,1.0,0,0.0
10014,5,Female,7.55,Right,0.0,,2,42.0,42.0,43.0,2.0,99.0,98.0,,99.0,1,1.0,1.0,0,0.0
10089,5,Female,14.87,Right,0.0,,2,42.0,43.0,44.0,2.0,107.0,106.0,,107.0,1,1.0,1.0,0,0.0
10090,5,Male,16.32,Right,1.0,,2,77.0,72.0,87.0,2.0,96.0,93.0,,94.0,2,1.0,1.0,0,1.0
10091,5,Male,8.93,Right,1.0,adjustment disorder with anxiety and depressive mood; possible learning issues,2,77.0,73.0,74.0,2.0,77.0,93.0,,83.0,1,1.0,1.0,1,1.0
10092,5,Male,17.3,Right,0.0,,2,47.0,51.0,43.0,2.0,113.0,104.0,,109.0,1,0.0,1.0,0,0.0
10045,5,Male,12.49,Right,0.0,subthreshold anxiety,2,41.0,41.0,43.0,2.0,109.0,137.0,,126.0,1,1.0,1.0,1,0.0
10093,5,Female,15.21,Right,0.0,,2,42.0,43.0,43.0,2.0,-999.0,-999.0,,-999.0,1,1.0,1.0,0,0.0
10094,5,Female,15.21,Right,0.0,,2,42.0,43.0,43.0,2.0,-999.0,-999.0,,-999.0,1,1.0,1.0,0,0.0
10095,5,Male,14.39,Right,1.0,,2,69.0,69.0,86.0,2.0,81.0,84.0,,81.0,2,1.0,1.0,0,1.0
10096,5,Male,14.94,Right,3.0,Tics,2,70.0,73.0,57.0,2.0,119.0,104.0,,113.0,2,1.0,1.0,1,1.0
10097,5,Female,14.38,Right,0.0,,2,41.0,41.0,43.0,2.0,119.0,120.0,,123.0,1,1.0,1.0,0,0.0
10098,5,Male,7.6,,1.0,,2,59.0,51.0,65.0,2.0,101.0,98.0,,100.0,2,,,0,1.0
10099,5,Female,9.96,Mixed,0.0,,2,57.0,55.0,66.0,2.0,120.0,99.0,,110.0,1,1.0,1.0,0,0.0
10100,5,Male,16.88,Right,0.0,,2,43.0,44.0,43.0,2.0,121.0,123.0,,125.0,1,1.0,1.0,0,0.0
10101,5,Male,14.2,Right,1.0,Past major depressive episode,2,79.0,81.0,79.0,2.0,107.0,79.0,,92.0,1,1.0,1.0,1,1.0
10102,5,Male,16.55,Mixed,0.0,,2,42.0,42.0,43.0,2.0,88.0,96.0,,91.0,1,1.0,1.0,0,0.0
10108,5,Female,17.15,Right,3.0,,2,68.0,69.0,55.0,2.0,116.0,115.0,,115.0,2,1.0,1.0,0,1.0
10002,5,Female,13.24,Right,3.0,LD,2,66.0,65.0,62.0,2.0,65.0,89.0,,75.0,2,1.0,1.0,1,1.0
10011,5,Female,9.16,Right,3.0,"specific phobia, LD in written expression",2,90.0,90.0,80.0,2.0,102.0,107.0,,106.0,1,0.0,1.0,1,1.0
10113,5,Female,14.91,Right,0.0,,2,59.0,60.0,44.0,2.0,111.0,110.0,,113.0,1,1.0,1.0,0,0.0
10114,5,Male,16.73,Right,0.0,,2,40.0,40.0,46.0,2.0,-999.0,-999.0,,-999.0,1,1.0,1.0,0,0.0
10115,5,Male,15.32,Right,3.0,,2,59.0,64.0,49.0,2.0,98.0,89.0,,93.0,1,1.0,1.0,0,1.0
10006,5,Female,11.18,Right,0.0,,2,44.0,42.0,43.0,2.0,117.0,87.0,,101.0,1,1.0,1.0,0,0.0
10105,5,Female,7.43,Mixed,3.0,enuresis,2,73.0,67.0,69.0,2.0,95.0,103.0,,99.0,1,,,1,1.0
10024,5,Male,8.26,Right,0.0,,2,40.0,40.0,43.0,2.0,114.0,107.0,,112.0,1,1.0,1.0,0,0.0
10015,5,Male,11.21,Right,3.0,,2,58.0,58.0,48.0,2.0,119.0,133.0,,129.0,2,1.0,0.0,0,1.0
10106,5,Male,11.82,Right,3.0,,2,63.0,58.0,54.0,2.0,106.0,91.0,,99.0,1,0.0,1.0,0,1.0
10116,5,Male,16.77,Right,3.0,,2,61.0,59.0,68.0,2.0,115.0,109.0,,114.0,2,1.0,1.0,0,1.0
10117,5,Male,9.35,Right,0.0,,2,62.0,55.0,62.0,2.0,95.0,103.0,,99.0,1,1.0,1.0,0,0.0
10118,5,Male,13.33,Right,1.0,,2,65.0,66.0,77.0,2.0,89.0,83.0,,84.0,2,1.0,1.0,0,1.0
10120,5,Female,17.09,Right,0.0,,2,42.0,45.0,43.0,2.0,-999.0,-999.0,,-999.0,1,1.0,1.0,0,0.0
10026,5,Male,11.73,Right,1.0,,2,68.0,56.0,76.0,2.0,132.0,123.0,,131.0,,1.0,1.0,0,1.0
10121,5,Female,14.18,Right,0.0,,2,42.0,43.0,44.0,2.0,108.0,124.0,,117.0,1,0.0,1.0,0,0.0
10122,5,Male,16.28,Right,0.0,,2,40.0,40.0,46.0,2.0,122.0,120.0,,125.0,1,1.0,1.0,0,0.0
10123,5,Male,16.13,Right,0.0,,2,81.0,81.0,49.0,2.0,109.0,106.0,,109.0,1,1.0,1.0,0,0.0
10082,5,Male,11.4,Right,0.0,,2,43.0,44.0,44.0,2.0,141.0,133.0,,142.0,1,1.0,1.0,0,0.0
10074,5,Male,8.06,Right,1.0,possible learning issues (reading),2,65.0,63.0,80.0,2.0,92.0,88.0,,88.0,1,1.0,1.0,1,1.0
10075,5,Male,11.09,Right,3.0,,2,60.0,56.0,66.0,2.0,77.0,72.0,,73.0,,1.0,1.0,0,1.0
10076,5,Female,15.95,Right,0.0,,2,42.0,40.0,43.0,2.0,118.0,106.0,,113.0,1,0.0,1.0,0,0.0
10103,5,Male,9.59,Mixed,1.0,some symptoms of Anxiety and irritability,2,63.0,61.0,66.0,2.0,106.0,104.0,,106.0,,1.0,1.0,1,1.0
10081,5,Female,15.81,Right,3.0,,2,71.0,73.0,47.0,2.0,-999.0,-999.0,,-999.0,,1.0,1.0,0,1.0
10083,5,Female,14.42,Right,0.0,,2,42.0,45.0,44.0,2.0,132.0,124.0,,132.0,1,1.0,1.0,0,0.0
10084,5,Female,17.96,Right,0.0,,2,45.0,43.0,47.0,2.0,113.0,102.0,,108.0,1,1.0,1.0,0,0.0
10085,5,Female,11.37,Mixed,1.0,,2,99.0,77.0,90.0,2.0,82.0,79.0,,78.0,,1.0,1.0,0,1.0
10036,5,Female,9.45,Right,0.0,,2,50.0,49.0,60.0,2.0,86.0,86.0,,84.0,1,1.0,1.0,0,0.0
10086,5,Male,15.83,Right,1.0,,2,73.0,72.0,71.0,2.0,109.0,93.0,,102.0,,1.0,1.0,0,1.0
10027,5,Male,8.28,Right,1.0,,2,56.0,56.0,59.0,2.0,100.0,92.0,,96.0,,,,0,1.0
10087,5,Male,17.61,Right,3.0,,2,84.0,86.0,56.0,2.0,82.0,108.0,,95.0,,1.0,1.0,0,1.0
10025,5,Male,8.75,Right,1.0,,2,71.0,69.0,76.0,2.0,109.0,88.0,,99.0,,1.0,1.0,0,1.0
10029,5,Female,13.09,Right,1.0,Disruptive behavior disorder,2,73.0,60.0,68.0,2.0,126.0,121.0,,127.0,,1.0,1.0,1,1.0
10017,5,Male,12.38,Right,1.0,,2,77.0,79.0,66.0,2.0,98.0,90.0,,94.0,,1.0,1.0,0,1.0
10049,5,Male,7.35,Right,1.0,,2,77.0,74.0,78.0,2.0,115.0,96.0,,106.0,,1.0,1.0,0,1.0
10070,5,Male,10.52,Right,0.0,,2,41.0,40.0,43.0,2.0,111.0,97.0,,105.0,1,1.0,1.0,0,0.0
10071,5,Male,14.09,Right,3.0,Prior hx of depressive sx and MDE,2,74.0,69.0,72.0,2.0,80.0,88.0,,83.0,,0.0,1.0,1,1.0
10033,5,Male,10.97,Mixed,3.0,subthreshold anxiety,2,73.0,77.0,54.0,2.0,104.0,97.0,,100.0,,1.0,1.0,1,1.0
10072,5,Male,7.25,Right,1.0,past dx of mixed expressive and receptive language problems,2,58.0,53.0,50.0,2.0,108.0,107.0,,109.0,,1.0,1.0,1,1.0
10073,5,Male,14.46,Right,1.0,disruptive behavior disorder-NOS; possible math LD,2,68.0,67.0,70.0,2.0,88.0,79.0,,82.0,,0.0,1.0,1,1.0
10104,5,Male,13.35,Right,3.0,,2,61.0,67.0,48.0,2.0,127.0,114.0,,123.0,,1.0,1.0,0,1.0
10088,5,Male,14.66,Right,0.0,,2,50.0,48.0,43.0,2.0,115.0,132.0,,126.0,1,1.0,1.0,0,0.0
10040,5,Male,9.94,Right,1.0,,2,61.0,61.0,60.0,2.0,141.0,117.0,,133.0,,1.0,1.0,0,1.0
10124,5,Female,14.06,Right,0.0,,2,44.0,43.0,44.0,2.0,109.0,119.0,,115.0,1,1.0,1.0,0,0.0
10041,5,Male,9.22,Right,2.0,possible learning disorder,2,62.0,61.0,83.0,2.0,109.0,99.0,,105.0,,1.0,1.0,1,1.0
10125,5,Male,7.19,Mixed,0.0,subthreshold anxietyinterview,2,46.0,46.0,45.0,2.0,120.0,131.0,,129.0,1,1.0,1.0,1,0.0
10007,5,Female,11.41,Right,3.0,,2,77.0,77.0,69.0,2.0,95.0,93.0,,95.0,,1.0,1.0,0,1.0
10126,5,Male,9.7,Right,1.0,,2,79.0,77.0,85.0,2.0,83.0,96.0,,88.0,,1.0,1.0,0,1.0
10127,5,Male,8.14,Mixed,1.0,,2,77.0,79.0,74.0,2.0,132.0,121.0,,130.0,,,,0,1.0
10128,5,Male,9.53,Right,0.0,,2,56.0,58.0,60.0,2.0,112.0,136.0,,127.0,1,1.0,1.0,0,0.0
10129,5,Female,8.39,Mixed,3.0,,2,67.0,71.0,47.0,2.0,-999.0,-999.0,,-999.0,1,1.0,1.0,0,1.0
10013,5,Male,9.55,Right,1.0,,2,62.0,58.0,58.0,2.0,106.0,88.0,,97.0,,0.0,0.0,0,1.0
10043,5,Female,8.16,Mixed,0.0,,2,42.0,42.0,45.0,2.0,125.0,99.0,,112.0,1,1.0,1.0,0,0.0
1084283,6,Male,11.0,Right,1.0,,3,,69.0,69.0,2.0,,,,110.0,2,1.0,1.0,0,1.0
1084884,6,Female,9.42,Right,0.0,enuresis,3,,48.0,44.0,2.0,,,,106.0,1,1.0,1.0,1,0.0
1108916,6,Male,8.5,Right,1.0,ODD,3,,70.0,85.0,2.0,,,,116.0,1,1.0,1.0,1,1.0
1206380,6,Male,9.17,Right,3.0,,3,,63.0,66.0,2.0,,,,90.0,1,1.0,1.0,0,1.0
1340333,6,Female,7.42,Right,1.0,,3,,80.0,90.0,2.0,,,,98.0,2,1.0,1.0,0,1.0
1386056,6,Male,8.0,Right,0.0,,3,,55.0,45.0,2.0,,,,134.0,,1.0,1.0,0,0.0
1411223,6,Male,9.17,Right,1.0,enuresis/sleep disorder,3,,79.0,85.0,2.0,,,,112.0,1,1.0,1.0,1,1.0
1418396,6,Male,8.67,Right,0.0,enuresis,3,,51.0,50.0,2.0,,,,98.0,1,1.0,1.0,1,0.0
1421489,6,Male,8.75,Right,0.0,,3,,48.0,41.0,2.0,,,,118.0,1,1.0,1.0,0,0.0
1481430,6,Male,11.92,Right,0.0,,3,,58.0,53.0,2.0,,,,116.0,1,1.0,1.0,0,0.0
1502229,6,Female,8.58,Right,0.0,,3,,45.0,41.0,2.0,,,,120.0,1,1.0,1.0,0,0.0
1536593,6,Female,8.58,Right,1.0,,3,,77.0,68.0,2.0,,,,136.0,,1.0,1.0,0,1.0
1548937,6,Male,11.17,Right,0.0,,3,,40.0,45.0,2.0,,,,126.0,1,1.0,1.0,0,0.0
1552181,6,Female,9.83,Right,3.0,,3,,69.0,48.0,2.0,,,,126.0,1,1.0,1.0,0,1.0
1647968,6,Female,11.0,Right,0.0,,3,,44.0,47.0,2.0,,,,92.0,,0.0,1.0,0,0.0
1664335,6,Female,9.0,Right,0.0,,3,,42.0,41.0,2.0,,,,144.0,1,1.0,1.0,0,0.0
1679142,6,Male,10.33,Right,0.0,,3,,50.0,45.0,2.0,,,,130.0,1,1.0,1.0,0,0.0
1696588,6,Female,8.75,Right,0.0,,3,,42.0,41.0,2.0,,,,104.0,1,1.0,1.0,0,0.0
1743472,6,Male,8.75,Right,1.0,ODD/R-0 anxiety,3,,79.0,72.0,2.0,,,,100.0,1,0.0,0.0,1,1.0
2054310,6,Male,8.42,Right,1.0,ODD,3,,63.0,66.0,2.0,,,,110.0,1,1.0,1.0,1,1.0
2054998,6,Female,7.33,Right,0.0,,3,,45.0,48.0,2.0,,,,108.0,1,1.0,1.0,0,0.0
2071989,6,Male,8.25,Right,1.0,enuresis,3,,65.0,66.0,2.0,,,,132.0,1,1.0,1.0,1,1.0
2124248,6,Female,9.33,Right,0.0,,3,,45.0,44.0,2.0,,,,128.0,1,1.0,1.0,0,0.0
2155356,6,Female,9.33,Right,0.0,,3,,40.0,42.0,2.0,,,,124.0,1,1.0,1.0,0,0.0
2232376,6,Female,10.33,Right,0.0,,3,,40.0,42.0,2.0,,,,110.0,1,1.0,1.0,0,0.0
2232413,6,Male,9.17,Right,0.0,,3,,41.0,41.0,2.0,,,,104.0,1,1.0,1.0,0,0.0
2288903,6,Male,7.42,Right,1.0,,3,,71.0,63.0,2.0,,,,120.0,,1.0,1.0,0,1.0
2292940,6,Male,8.0,Right,1.0,,3,,81.0,90.0,2.0,,,,90.0,,0.0,0.0,0,1.0
2409220,6,Male,7.67,Right,0.0,,3,,52.0,42.0,2.0,,,,128.0,,1.0,1.0,0,0.0
2415970,6,Male,8.58,Right,3.0,,3,,70.0,50.0,2.0,,,,112.0,1,1.0,1.0,0,1.0
2426523,6,Female,7.92,Right,0.0,,3,,45.0,51.0,2.0,,,,120.0,1,1.0,1.0,0,0.0
2427434,6,Female,8.08,Right,0.0,,3,,42.0,41.0,2.0,,,,137.0,1,1.0,1.0,0,0.0
2455205,6,Male,7.5,Right,1.0,,3,,81.0,69.0,2.0,,,,86.0,2,1.0,1.0,0,1.0
2535204,6,Male,8.42,Right,1.0,,3,,70.0,76.0,2.0,,,,116.0,,1.0,1.0,0,1.0
2559559,6,Male,7.92,Right,3.0,enuresis,3,,65.0,57.0,2.0,,,,98.0,1,1.0,1.0,1,1.0
2561174,6,Male,8.67,Right,1.0,,3,,85.0,90.0,2.0,,,,98.0,,1.0,1.0,0,1.0
2571197,6,Male,7.67,Right,1.0,,3,,65.0,75.0,2.0,,,,102.0,1,1.0,1.0,0,1.0
2578455,6,Female,9.5,Right,0.0,,3,,62.0,51.0,2.0,,,,112.0,1,1.0,1.0,0,0.0
2620872,6,Male,8.92,Right,1.0,enuresis,3,,73.0,76.0,2.0,,,,90.0,2,1.0,1.0,1,1.0
2790141,6,Female,9.0,Right,3.0,,3,,68.0,47.0,2.0,,,,112.0,1,1.0,1.0,0,1.0
2845989,6,Female,7.67,Right,3.0,,3,,59.0,54.0,2.0,,,,102.0,,1.0,1.0,0,1.0
2920716,6,Male,7.5,Right,0.0,,3,,40.0,40.0,2.0,,,,120.0,1,0.0,0.0,0,0.0
2929195,6,Male,9.58,Right,2.0,,3,,70.0,79.0,2.0,,,,124.0,1,1.0,1.0,0,1.0
2947936,6,Male,8.5,Right,0.0,,3,,55.0,57.0,2.0,,,,124.0,1,1.0,1.0,0,0.0
2959809,6,Female,9.08,Right,0.0,,3,,55.0,50.0,2.0,,,,100.0,1,1.0,1.0,0,0.0
3048401,6,Female,11.58,Right,0.0,,3,,40.0,44.0,2.0,,,,110.0,1,1.0,1.0,0,0.0
3051944,6,Male,11.75,Right,0.0,,3,,46.0,53.0,2.0,,,,100.0,1,1.0,1.0,0,0.0
3052540,6,Male,9.17,Right,1.0,,3,,67.0,60.0,2.0,,,,114.0,1,1.0,1.0,0,1.0
3162671,6,Male,8.5,Right,0.0,,3,,54.0,47.0,2.0,,,,136.0,1,1.0,1.0,0,0.0
3206978,6,Female,8.25,Right,0.0,,3,,45.0,48.0,2.0,,,,122.0,1,1.0,1.0,0,0.0
3212875,6,Female,8.67,Right,0.0,,3,,42.0,41.0,2.0,,,,134.0,1,1.0,1.0,0,0.0
3244985,6,Male,7.17,Right,0.0,,3,,40.0,40.0,2.0,,,,116.0,1,1.0,1.0,0,0.0
3286474,6,Female,8.08,Right,2.0,,3,,59.0,78.0,2.0,,,,104.0,,1.0,1.0,0,1.0
3302025,6,Male,9.0,Right,0.0,,3,,44.0,41.0,2.0,,,,120.0,1,1.0,1.0,0,0.0
3358877,6,Female,8.5,Right,1.0,,3,,90.0,90.0,2.0,,,,108.0,2,1.0,1.0,0,1.0
3466651,6,Male,8.08,Right,1.0,,3,,84.0,78.0,2.0,,,,108.0,1,1.0,1.0,0,1.0
3470141,6,Male,8.5,Right,1.0,,3,,82.0,90.0,2.0,,,,104.0,2,1.0,1.0,0,1.0
3560456,6,Female,7.83,Right,1.0,,3,,71.0,63.0,2.0,,,,126.0,,0.0,0.0,0,1.0
3652932,6,Male,7.67,Right,3.0,ODD,3,,75.0,54.0,2.0,,,,86.0,1,1.0,1.0,1,1.0
3677724,6,Male,8.75,Right,3.0,,3,,63.0,57.0,2.0,,,,96.0,1,1.0,1.0,0,1.0
3684229,6,Female,8.83,Right,3.0,,3,,79.0,74.0,2.0,,,,120.0,1,1.0,1.0,0,1.0
3812101,6,Female,7.83,Right,0.0,,3,,56.0,75.0,2.0,,,,104.0,1,1.0,1.0,0,0.0
3848511,6,Female,8.08,Right,0.0,,3,,45.0,41.0,2.0,,,,132.0,1,1.0,1.0,0,0.0
3869075,6,Male,8.67,Right,0.0,,3,,41.0,47.0,2.0,,,,126.0,1,1.0,1.0,0,0.0
3899622,6,Female,8.25,Right,0.0,,3,,56.0,41.0,2.0,,,,112.0,1,1.0,1.0,0,0.0
4016887,6,Male,9.08,Right,1.0,,3,,70.0,69.0,2.0,,,,126.0,1,1.0,1.0,0,1.0
4046678,6,Female,8.58,Right,0.0,,3,,42.0,60.0,2.0,,,,132.0,1,1.0,1.0,0,0.0
4072305,6,Female,9.25,Right,3.0,,3,,79.0,54.0,2.0,,,,106.0,1,1.0,1.0,0,1.0
4103874,6,Female,7.33,Right,0.0,,3,,52.0,45.0,2.0,,,,108.0,1,1.0,1.0,0,0.0
4219416,6,Female,8.25,Right,0.0,enuresis,3,,52.0,48.0,2.0,,,,114.0,1,1.0,1.0,1,0.0
4529116,6,Female,8.42,Right,0.0,,3,,45.0,45.0,2.0,,,,116.0,1,1.0,1.0,0,0.0
5302451,6,Male,11.33,Right,3.0,,3,,80.0,70.0,2.0,,,,114.0,2,1.0,1.0,0,1.0
6592761,6,Male,7.58,Right,0.0,,3,,40.0,40.0,2.0,,,,140.0,1,1.0,1.0,0,0.0
6953386,6,Male,11.83,Right,1.0,,3,,73.0,90.0,2.0,,,,132.0,2,1.0,1.0,0,1.0
7333005,6,Male,9.0,Right,1.0,,3,,85.0,76.0,2.0,,,,108.0,,1.0,1.0,0,1.0
8064456,6,Female,9.25,Right,0.0,,3,,48.0,47.0,2.0,,,,118.0,1,1.0,1.0,0,0.0
8218392,6,Male,8.33,Right,0.0,,3,,59.0,42.0,2.0,,,,104.0,1,0.0,1.0,0,0.0
8720244,6,Female,10.33,Right,3.0,,3,,68.0,60.0,2.0,,,,82.0,1,1.0,1.0,0,1.0
9499804,6,Male,8.17,Right,0.0,,3,,43.0,42.0,2.0,,,,126.0,1,0.0,0.0,0,0.0
1056121,1,Male,13.92,Right,0.0,,1,30.0,15.0,15.0,3.0,126.0,136.0,,135.0,1,1.0,1.0,0,0.0
1113498,1,Female,14.83,Right,0.0,,1,20.0,11.0,9.0,3.0,125.0,135.0,,133.0,1,1.0,1.0,0,0.0
1133221,1,Male,12.33,Right,1.0,ODD,1,64.0,32.0,32.0,3.0,116.0,108.0,,113.0,2,1.0,1.0,1,1.0
1139030,1,Female,11.33,Right,0.0,,1,32.0,18.0,14.0,3.0,90.0,86.0,,87.0,1,1.0,1.0,0,0.0
1186237,1,Male,13.92,Right,3.0,,1,48.0,31.0,17.0,3.0,112.0,103.0,,109.0,1,1.0,1.0,0,1.0
1240299,1,Male,9.5,Right,1.0,,1,48.0,23.0,25.0,3.0,95.0,100.0,,97.0,2,1.0,1.0,0,1.0
1258069,1,Female,9.92,Right,0.0,,1,21.0,10.0,11.0,3.0,113.0,117.0,,117.0,1,1.0,1.0,0,0.0
1282248,1,Male,10.58,Right,3.0,,1,42.0,30.0,12.0,3.0,125.0,86.0,,108.0,1,1.0,1.0,0,1.0
1302449,1,Female,8.58,Right,0.0,,1,21.0,11.0,10.0,3.0,126.0,108.0,,120.0,1,1.0,1.0,0,0.0
1391181,1,Female,9.83,Right,0.0,,1,,,,3.0,125.0,118.0,,124.0,1,1.0,1.0,0,0.0
1408093,1,Male,11.92,Right,0.0,,1,23.0,12.0,11.0,3.0,140.0,104.0,,126.0,1,1.0,1.0,0,0.0
1469171,1,Female,11.58,Right,0.0,,1,,,,3.0,134.0,114.0,,128.0,1,1.0,1.0,0,0.0
1561488,1,Female,10.92,Right,3.0,ODD,1,46.0,25.0,21.0,3.0,83.0,97.0,,88.0,1,1.0,1.0,1,1.0
1686092,1,Female,9.67,Right,0.0,,1,27.0,14.0,13.0,3.0,112.0,112.0,,113.0,1,1.0,1.0,0,0.0
1689948,1,Female,11.75,Right,0.0,,1,27.0,13.0,14.0,3.0,132.0,117.0,,128.0,1,1.0,1.0,0,0.0
1791543,1,Female,9.33,Right,3.0,,1,66.0,34.0,32.0,3.0,130.0,108.0,,123.0,1,1.0,1.0,0,1.0
1805037,1,Female,10.08,Right,0.0,,1,33.0,22.0,11.0,3.0,101.0,104.0,,103.0,1,1.0,1.0,0,0.0
1875711,1,Female,9.75,Right,0.0,,1,33.0,16.0,17.0,3.0,109.0,106.0,,109.0,1,1.0,1.0,0,0.0
1879542,1,Male,13.58,Right,0.0,,1,41.0,18.5,22.5,3.0,121.0,108.0,,117.0,1,1.0,1.0,0,0.0
1912810,1,Female,10.33,Right,0.0,,1,,,,3.0,130.0,118.0,,128.0,1,1.0,1.0,0,0.0
1947991,1,Male,9.42,Right,3.0,tics,1,45.0,26.0,19.0,3.0,82.0,85.0,,81.0,1,1.0,1.0,1,1.0
2081754,1,Female,12.17,Right,0.0,,1,,,,3.0,130.0,91.0,,113.0,1,1.0,1.0,0,0.0
2106109,1,Female,9.92,Right,0.0,,1,34.0,17.0,17.0,3.0,129.0,115.0,,125.0,1,1.0,1.0,0,0.0
2123983,1,Female,11.67,Right,0.0,enuresis and encephalitis,1,33.0,17.0,16.0,3.0,119.0,108.0,,115.0,1,1.0,1.0,1,0.0
2174595,1,Male,9.83,Right,1.0,ODD,1,68.0,32.0,36.0,3.0,101.0,114.0,,108.0,2,1.0,1.0,1,1.0
2196753,1,Male,10.33,Right,3.0,,1,44.0,26.0,18.0,3.0,97.0,103.0,,100.0,1,1.0,1.0,0,1.0
2240562,1,Female,11.83,Right,0.0,,1,20.0,11.0,9.0,3.0,115.0,115.0,,117.0,1,1.0,1.0,0,0.0
2249443,1,Female,12.0,Right,0.0,,1,32.0,15.0,17.0,3.0,113.0,111.0,,113.0,1,1.0,1.0,0,0.0
2266806,1,Male,11.25,Right,0.0,,1,21.0,9.0,12.0,3.0,128.0,123.0,,128.0,1,1.0,1.0,0,0.0
2367157,1,Male,12.08,Right,1.0,,1,67.0,34.0,33.0,3.0,92.0,89.0,,90.0,2,1.0,1.0,0,1.0
2408774,1,Female,13.08,Right,0.0,,1,22.0,12.0,10.0,3.0,130.0,129.0,,133.0,1,1.0,1.0,0,0.0
2427408,1,Female,14.08,Right,0.0,,1,24.0,12.0,12.0,3.0,128.0,101.0,,117.0,1,1.0,1.0,0,0.0
2535087,1,Male,13.33,Left,0.0,,1,27.0,14.0,13.0,3.0,115.0,118.0,,118.0,1,0.0,1.0,0,0.0
2538839,1,Female,8.92,Right,0.0,,1,29.0,16.0,13.0,3.0,119.0,100.0,,111.0,1,1.0,1.0,0,0.0
2697768,1,Female,12.58,Right,3.0,,1,44.0,26.0,18.0,3.0,96.0,80.0,,87.0,1,1.0,1.0,0,1.0
2703336,1,Female,11.5,Right,0.0,,1,25.0,12.0,13.0,3.0,123.0,120.0,,124.0,1,1.0,1.0,0,0.0
2714224,1,Female,10.0,Right,0.0,,1,24.0,12.0,12.0,3.0,101.0,100.0,,101.0,1,1.0,1.0,0,0.0
2833684,1,Male,10.42,Right,0.0,,1,36.0,20.0,16.0,3.0,138.0,135.0,,141.0,1,1.0,1.0,0,0.0
2897046,1,Female,9.17,Right,3.0,,1,,,,3.0,113.0,83.0,,99.0,1,1.0,1.0,0,1.0
2910270,1,Male,13.83,Right,3.0,"ODD,depression",1,,,,3.0,130.0,120.0,,128.0,2,0.0,1.0,1,1.0
3004580,1,Male,14.0,Right,0.0,,1,24.0,14.0,10.0,3.0,116.0,97.0,,108.0,1,1.0,1.0,0,0.0
3086074,1,Male,11.5,Right,0.0,,1,36.0,20.0,16.0,3.0,121.0,124.0,,125.0,1,1.0,1.0,0,0.0
3212536,1,Male,12.17,Right,0.0,,1,29.0,16.0,13.0,3.0,119.0,114.0,,118.0,1,1.0,1.0,0,0.0
3233028,1,Female,10.42,Right,0.0,,1,21.0,12.0,9.0,3.0,112.0,115.0,,115.0,1,1.0,1.0,0,0.0
3239413,1,Female,9.25,Right,0.0,,1,21.0,12.0,9.0,3.0,142.0,104.0,,128.0,1,1.0,1.0,0,0.0
3262042,1,Female,9.75,Right,0.0,,1,31.0,15.0,16.0,3.0,134.0,139.0,,141.0,1,1.0,1.0,0,0.0
3269608,1,Male,12.08,Right,0.0,,1,,,,3.0,125.0,114.0,,122.0,1,0.0,1.0,0,0.0
3306863,1,Female,8.58,Right,0.0,,1,44.0,22.0,22.0,3.0,104.0,114.0,,109.0,1,1.0,1.0,0,0.0
3390312,1,Male,10.33,Right,3.0,,1,54.0,29.0,25.0,3.0,112.0,54.0,,83.0,1,1.0,1.0,0,1.0
3554582,1,Female,10.75,Right,0.0,,1,34.0,19.0,15.0,3.0,125.0,132.0,,131.0,1,1.0,1.0,0,0.0
3587000,1,Female,9.92,Right,0.0,SP,1,27.0,17.0,10.0,3.0,121.0,136.0,,131.0,1,1.0,1.0,1,0.0
3593327,1,Male,10.0,Right,0.0,,1,25.0,14.0,11.0,3.0,126.0,86.0,,109.0,1,1.0,1.0,0,0.0
3672854,1,Female,8.42,Right,0.0,,1,38.0,21.0,17.0,3.0,133.0,95.0,,117.0,1,1.0,1.0,0,0.0
3707771,1,Male,10.42,Right,0.0,,1,27.0,18.0,9.0,3.0,92.0,82.0,,86.0,1,1.0,1.0,0,0.0
3732101,1,Female,10.42,Right,0.0,,1,43.0,22.0,21.0,3.0,117.0,94.0,,107.0,1,1.0,1.0,0,0.0
3739175,1,Female,10.83,Right,0.0,,1,25.0,12.0,13.0,3.0,104.0,111.0,,108.0,1,1.0,1.0,0,0.0
3809753,1,Female,9.08,Right,0.0,,1,36.0,18.0,18.0,3.0,116.0,111.0,,112.0,1,1.0,1.0,0,0.0
3889095,1,Male,11.92,Right,0.0,,1,28.5,16.5,12.0,3.0,126.0,108.0,,120.0,1,1.0,1.0,0,0.0
3967265,1,Female,13.42,Right,0.0,,1,20.0,9.0,11.0,3.0,116.0,118.0,,119.0,1,1.0,1.0,0,0.0
3976121,1,Male,11.0,Right,1.0,ODD,1,43.0,24.0,19.0,3.0,123.0,94.0,,110.0,1,1.0,1.0,1,1.0
3983607,1,Male,9.67,Right,1.0,,1,48.0,25.0,23.0,3.0,76.0,103.0,,87.0,1,1.0,1.0,0,1.0
4028266,1,Male,9.25,Right,3.0,ODD,1,48.0,27.0,21.0,3.0,105.0,91.0,,98.0,1,1.0,1.0,1,1.0
4053836,1,Female,9.92,Right,0.0,,1,26.0,12.0,14.0,3.0,144.0,132.0,,143.0,1,1.0,1.0,0,0.0
4091983,1,Female,12.17,Right,3.0,ODD,1,49.0,29.0,20.0,3.0,101.0,94.0,,98.0,1,1.0,1.0,1,1.0
4095748,1,Male,10.5,Right,1.0,ODD,1,,,,3.0,109.0,101.0,,106.0,2,1.0,1.0,1,1.0
4256491,1,Female,12.0,Right,0.0,,1,22.0,12.0,10.0,3.0,99.0,112.0,,106.0,1,1.0,1.0,0,0.0
4334113,1,Male,14.58,Right,3.0,,1,49.0,25.0,24.0,3.0,97.0,101.0,,99.0,2,1.0,1.0,0,1.0
4383707,1,Female,9.67,Right,0.0,,1,24.0,12.0,12.0,3.0,101.0,103.0,,102.0,1,1.0,1.0,0,0.0
4475709,1,Female,9.58,Right,0.0,,1,,,,3.0,121.0,114.0,,120.0,1,1.0,1.0,0,0.0
4921428,1,Male,9.58,Right,0.0,,1,35.0,15.0,20.0,3.0,140.0,126.0,,137.0,1,1.0,1.0,0,0.0
5150328,1,Female,15.92,Right,3.0,"ODD,CD",1,56.0,28.0,28.0,3.0,90.0,85.0,,86.0,1,1.0,1.0,1,1.0
5193577,1,Female,9.0,Right,3.0,,1,40.0,27.0,13.0,3.0,86.0,80.0,,81.0,2,1.0,1.0,0,1.0
5600820,1,Female,11.92,Right,0.0,,1,25.0,14.0,11.0,3.0,121.0,120.0,,123.0,1,1.0,1.0,0,0.0
6187322,1,Female,9.92,Right,0.0,,1,35.0,17.0,18.0,3.0,107.0,124.0,,117.0,1,1.0,1.0,0,0.0
7093319,1,Male,11.42,Right,0.0,,1,,,,3.0,130.0,127.0,,132.0,1,1.0,1.0,0,0.0
7135128,1,Female,13.92,Right,0.0,,1,21.0,11.0,10.0,3.0,100.0,71.0,,85.0,1,1.0,1.0,0,0.0
7390867,1,Male,17.33,Right,3.0,dysthymia,1,37.0,28.0,9.0,3.0,105.0,104.0,,105.0,1,1.0,1.0,1,1.0
8328877,1,Female,13.75,Right,0.0,,1,,,,3.0,88.0,77.0,,81.0,1,1.0,1.0,0,0.0
8838009,1,Female,14.25,Right,0.0,,1,19.0,10.0,9.0,3.0,91.0,111.0,,100.0,1,1.0,1.0,0,0.0
9093997,1,Female,11.58,Right,0.0,,1,23.0,14.0,9.0,3.0,123.0,111.0,,119.0,1,1.0,1.0,0,0.0
9210521,1,Male,9.25,Right,3.0,,1,49.0,30.0,19.0,3.0,97.0,89.0,,93.0,2,1.0,1.0,0,1.0
9221927,1,Male,11.83,Right,0.0,,1,31.0,15.0,16.0,3.0,129.0,120.0,,128.0,1,1.0,1.0,0,0.0
9783279,1,Female,12.75,Right,0.0,,1,35.0,17.0,18.0,3.0,128.0,126.0,,130.0,1,1.0,1.0,0,0.0
9887336,1,Male,11.33,Right,0.0,,1,24.0,13.0,11.0,3.0,128.0,135.0,,135.0,1,1.0,1.0,0,0.0
9890726,1,Female,9.25,Right,0.0,,1,,,,3.0,125.0,103.0,,117.0,1,1.0,1.0,0,0.0
3655623,1,Male,13.83,Right,0.0,,1,18.0,9.0,9.0,3.0,120.0,123.0,,124.0,1,1.0,1.0,0,0.0
3248920,1,Male,12.17,Right,0.0,,1,24.0,14.0,10.0,3.0,-999.0,-999.0,,-999.0,1,1.0,1.0,0,0.0
2659769,1,Male,14.25,Right,0.0,,1,,,,3.0,132.0,111.0,,124.0,1,1.0,1.0,0,0.0
9640133,1,Male,13.75,Right,0.0,,1,30.0,18.0,12.0,3.0,126.0,123.0,,128.0,1,1.0,1.0,0,0.0
4055710,1,Male,13.33,Right,3.0,,1,,,,3.0,124.0,139.0,,133.0,1,1.0,1.0,0,1.0
1050975,1,Male,13.58,Right,0.0,,1,28.0,17.0,11.0,3.0,125.0,135.0,,133.0,1,1.0,1.0,0,0.0
1809715,1,Male,13.5,Right,3.0,,1,,,,3.0,112.0,95.0,,105.0,1,1.0,1.0,0,1.0
1916266,1,Male,13.17,Right,0.0,,1,29.0,20.0,9.0,3.0,124.0,109.0,,119.0,1,1.0,1.0,0,0.0
1117299,1,Male,13.5,Right,0.0,,1,29.0,19.0,10.0,3.0,119.0,124.0,,124.0,1,1.0,1.0,0,0.0
2559537,1,Male,11.17,Right,0.0,,1,30.0,13.0,17.0,3.0,130.0,123.0,,130.0,1,1.0,1.0,0,0.0
2296326,1,Male,12.17,Right,0.0,,1,21.0,12.0,9.0,3.0,105.0,97.0,,102.0,1,1.0,1.0,0,0.0
7407032,1,Male,13.42,Right,0.0,,1,26.0,16.0,10.0,3.0,126.0,111.0,,121.0,1,1.0,1.0,0,0.0
3157406,1,Male,14.0,Right,0.0,,1,27.0,16.0,11.0,3.0,101.0,103.0,,102.0,1,1.0,1.0,0,0.0
3994098,1,Male,12.75,Right,0.0,,1,27.0,16.0,11.0,3.0,121.0,104.0,,115.0,1,1.0,1.0,0,0.0
3561920,1,Male,13.75,Right,1.0,ODD,1,,,,3.0,126.0,114.0,,123.0,1,1.0,1.0,1,1.0
2140063,1,Male,9.42,Right,0.0,,1,22.0,13.0,9.0,3.0,141.0,124.0,,137.0,1,1.0,1.0,0,0.0
3610134,1,Male,10.83,Right,0.0,,1,37.0,14.0,23.0,3.0,117.0,85.0,,102.0,1,1.0,1.0,0,0.0
3494778,1,Male,9.17,Right,0.0,,1,31.0,14.0,17.0,3.0,158.0,135.0,,153.0,1,1.0,1.0,0,0.0
2033178,1,Male,11.33,Right,0.0,,1,,,,3.0,130.0,127.0,,132.0,1,1.0,1.0,0,0.0
1562298,1,Male,9.58,Right,0.0,,1,33.0,14.0,19.0,3.0,109.0,115.0,,113.0,1,1.0,1.0,0,0.0
1093743,1,Male,11.92,Right,0.0,,1,20.0,11.0,9.0,3.0,125.0,120.0,,125.0,1,1.0,1.0,0,0.0
1177160,1,Female,10.5,Right,0.0,,1,23.0,13.0,10.0,3.0,142.0,124.0,,138.0,1,1.0,1.0,0,0.0
1860323,1,Male,8.75,Right,0.0,,1,34.0,14.0,20.0,3.0,129.0,127.0,,131.0,1,1.0,1.0,0,0.0
1494102,1,Male,10.33,Right,0.0,,1,32.5,14.5,18.0,3.0,137.0,135.0,,140.0,1,1.0,1.0,0,0.0
2498847,1,Male,9.75,Right,0.0,,1,30.0,19.0,11.0,3.0,120.0,101.0,,113.0,1,1.0,1.0,0,0.0
1875013,1,Male,9.83,Right,0.0,,1,32.0,16.0,16.0,3.0,120.0,135.0,,130.0,1,1.0,1.0,0,0.0
1068505,1,Male,10.25,Right,0.0,,1,29.0,13.0,16.0,3.0,111.0,121.0,,117.0,1,1.0,1.0,0,0.0
3993793,1,Male,10.33,Right,0.0,,1,36.0,20.0,16.0,3.0,128.0,112.0,,123.0,1,1.0,1.0,0,0.0
2310449,1,Male,10.33,Right,0.0,cyst of left temporal pole,1,33.0,21.0,12.0,3.0,125.0,108.0,,119.0,1,1.0,1.0,1,0.0
3308331,1,Male,9.08,Right,0.0,,1,25.0,13.0,12.0,3.0,111.0,111.0,,112.0,1,1.0,1.0,0,0.0
4265987,1,Male,10.08,Right,0.0,,1,31.5,17.5,14.0,3.0,134.0,109.0,,125.0,1,1.0,1.0,0,0.0
3562883,1,Male,11.25,Right,0.0,,1,26.0,13.0,13.0,3.0,115.0,104.0,,111.0,1,1.0,1.0,0,0.0
9578631,1,Male,14.33,Right,0.0,,1,22.0,12.0,10.0,3.0,120.0,111.0,,117.0,1,1.0,1.0,0,0.0
2377207,1,Male,13.83,Right,0.0,,1,28.0,17.0,11.0,3.0,84.0,106.0,,94.0,1,1.0,1.0,0,0.0
7011503,1,Male,13.33,Right,0.0,,1,,,,3.0,124.0,114.0,,121.0,1,1.0,1.0,0,0.0
8278680,1,Male,13.25,Right,3.0,,1,57.0,32.0,25.0,3.0,129.0,96.0,,114.0,1,1.0,1.0,0,1.0
4075719,1,Male,13.08,Right,1.0,,1,65.0,35.0,30.0,3.0,128.0,95.0,,114.0,1,1.0,1.0,0,1.0
2737106,1,Male,14.17,Right,3.0,,1,54.0,30.0,24.0,3.0,105.0,83.0,,95.0,1,1.0,1.0,0,1.0
1159908,1,Male,15.08,Right,1.0,,1,56.0,31.0,25.0,3.0,111.0,126.0,,120.0,1,1.0,1.0,0,1.0
4053388,1,Male,11.08,Right,1.0,,1,65.0,32.0,33.0,3.0,75.0,101.0,,86.0,2,1.0,1.0,0,1.0
7689953,1,Male,13.5,Right,3.0,,1,42.0,26.0,16.0,3.0,90.0,92.0,,90.0,1,1.0,1.0,0,1.0
2884672,1,Male,12.83,Right,3.0,,1,41.0,26.0,15.0,3.0,117.0,100.0,,110.0,1,1.0,1.0,0,1.0
2601519,1,Male,13.83,Right,3.0,ODD,1,39.0,24.0,15.0,3.0,123.0,92.0,,109.0,2,1.0,1.0,1,1.0
2529026,1,Male,13.33,Right,3.0,Tics,1,50.0,28.0,22.0,3.0,117.0,86.0,,103.0,1,1.0,1.0,1,1.0
6500128,1,Male,11.33,Left,3.0,ODD,1,63.0,32.0,31.0,3.0,91.0,101.0,,95.0,2,1.0,1.0,1,1.0
1628610,1,Male,14.92,Right,1.0,ODD,1,52.0,30.0,22.0,3.0,120.0,114.0,,119.0,2,1.0,1.0,1,1.0
3691107,1,Male,9.67,Right,1.0,,1,62.0,35.0,27.0,3.0,149.0,88.0,,123.0,2,1.0,1.0,0,1.0
4221029,1,Male,9.67,Right,1.0,ODD,1,61.0,33.0,28.0,3.0,134.0,127.0,,135.0,2,1.0,1.0,1,1.0
3856956,1,Male,13.75,Right,3.0,,1,47.0,26.0,21.0,3.0,124.0,106.0,,117.0,1,1.0,1.0,0,1.0
1643780,1,Male,10.0,Right,1.0,,1,61.0,30.0,31.0,3.0,119.0,103.0,,113.0,1,1.0,1.0,0,1.0
3910672,1,Male,10.08,Right,1.0,,1,57.0,30.0,27.0,3.0,140.0,97.0,,122.0,2,1.0,1.0,0,1.0
3194757,1,Male,12.92,Right,3.0,,1,58.0,31.0,27.0,3.0,97.0,92.0,,95.0,2,1.0,1.0,0,1.0
2141250,1,Male,12.83,Right,3.0,,1,39.0,25.0,14.0,3.0,133.0,119.0,,129.0,2,1.0,1.0,0,1.0
9002207,1,Male,11.17,Left,1.0,"ODD, social phobia",1,52.0,24.0,28.0,3.0,117.0,111.0,,116.0,1,1.0,1.0,1,1.0
3446674,1,Male,14.58,Right,3.0,ODD,1,54.0,28.0,26.0,3.0,124.0,98.0,,113.0,1,1.0,1.0,1,1.0
2031422,1,Male,10.92,Right,3.0,,1,41.0,28.0,13.0,3.0,136.0,109.0,,126.0,2,1.0,1.0,0,1.0
4073815,1,Male,9.83,Right,3.0,,1,53.0,28.0,25.0,3.0,113.0,112.0,,114.0,2,1.0,1.0,0,1.0
1341865,1,Male,9.25,Right,1.0,,1,58.0,31.0,27.0,3.0,126.0,100.0,,116.0,2,1.0,1.0,0,1.0
7253183,1,Male,13.17,Right,3.0,,1,41.0,25.0,16.0,3.0,109.0,95.0,,103.0,1,1.0,1.0,0,1.0
5993008,1,Male,12.25,Right,3.0,ODD,1,44.0,29.0,15.0,3.0,104.0,91.0,,98.0,2,1.0,1.0,1,1.0
4225073,1,Male,10.33,Right,3.0,,1,50.0,29.0,21.0,3.0,90.0,91.0,,89.0,1,1.0,1.0,0,1.0
1094669,1,Male,12.42,Right,1.0,ODD,1,60.0,32.0,28.0,3.0,125.0,92.0,,111.0,1,1.0,1.0,1,1.0
2950754,1,Male,13.33,Right,1.0,,1,51.0,22.0,29.0,3.0,137.0,109.0,,127.0,1,1.0,1.0,0,1.0
2207418,1,Male,13.17,Right,1.0,SAD (previous),1,46.0,27.0,19.0,3.0,107.0,87.0,,97.0,2,1.0,1.0,1,1.0
2919220,1,Male,13.58,Right,3.0,,1,45.0,28.0,17.0,3.0,114.0,106.0,,111.0,2,1.0,1.0,0,1.0
3827352,1,Male,15.83,Right,3.0,"ODD, Tics, Mood disorder",1,35.0,20.0,15.0,3.0,116.0,112.0,,116.0,2,1.0,1.0,1,1.0
3205761,1,Male,14.58,Right,1.0,ODD,1,65.0,30.0,35.0,3.0,126.0,80.0,,106.0,2,1.0,1.0,1,1.0
1050345,1,Male,12.67,Right,0.0,,1,24.0,12.0,12.0,3.0,124.0,127.0,,128.0,1,1.0,1.0,0,0.0
1132854,1,Male,13.92,Right,0.0,,1,28.0,15.0,13.0,3.0,120.0,126.0,,125.0,1,1.0,1.0,0,0.0
1356553,1,Male,11.75,Right,1.0,LD,1,56.0,30.0,26.0,3.0,119.0,98.0,,109.0,1,1.0,1.0,1,1.0
1399863,1,Male,12.83,Right,1.0,"ODD, LD",1,64.0,29.0,35.0,3.0,103.0,85.0,,94.0,1,1.0,1.0,1,1.0
1404738,1,Male,12.58,Right,0.0,,1,21.0,9.0,12.0,3.0,121.0,115.0,,120.0,1,1.0,1.0,0,0.0
1411536,1,Male,13.17,Right,0.0,,1,41.0,24.0,17.0,3.0,114.0,106.0,,112.0,1,1.0,1.0,0,0.0
1662160,1,Male,12.58,Right,0.0,,1,30.0,21.0,9.0,3.0,123.0,88.0,,107.0,1,1.0,1.0,0,0.0
1771270,1,Male,14.42,Right,3.0,"LD, Tics",1,36.0,23.0,13.0,3.0,84.0,100.0,,91.0,1,1.0,1.0,1,1.0
1794770,1,Male,11.75,Right,0.0,,1,39.0,24.0,15.0,3.0,87.0,85.0,,84.0,1,1.0,1.0,0,0.0
1843546,1,Male,14.08,Right,3.0,"ODD, LD",1,,,,3.0,86.0,85.0,,83.0,1,1.0,1.0,1,1.0
2107404,1,Male,13.08,Right,0.0,,1,31.0,17.0,14.0,3.0,124.0,91.0,,109.0,1,1.0,1.0,0,0.0
2208591,1,Male,12.5,Right,0.0,,1,23.0,13.0,10.0,3.0,113.0,109.0,,113.0,1,1.0,1.0,0,0.0
2228148,1,Male,13.75,Right,1.0,"ODD, LD",1,57.0,33.0,24.0,3.0,116.0,117.0,,118.0,1,1.0,1.0,1,1.0
2268253,1,Male,14.83,Right,0.0,,1,,,,3.0,130.0,112.0,,124.0,1,1.0,1.0,0,0.0
2276801,1,Male,13.0,Right,3.0,,1,37.0,24.0,13.0,3.0,124.0,92.0,,110.0,1,1.0,1.0,0,1.0
2493190,1,Male,13.33,Right,0.0,,1,27.0,13.0,14.0,3.0,123.0,110.0,,119.0,1,1.0,1.0,0,0.0
2524687,1,Male,14.33,Right,3.0,LD,1,46.0,25.0,21.0,3.0,101.0,108.0,,105.0,1,1.0,1.0,1,1.0
2780647,1,Male,13.58,Right,1.0,"LD, CD",1,47.0,29.0,18.0,3.0,95.0,111.0,,102.0,1,1.0,1.0,1,1.0
2907951,1,Male,16.0,Right,3.0,"LD, SP1",1,37.0,20.0,17.0,3.0,107.0,98.0,,103.0,1,1.0,1.0,1,1.0
2940712,1,Male,13.08,Right,3.0,LD,1,36.0,22.0,14.0,3.0,124.0,73.0,,110.0,1,1.0,1.0,1,1.0
2984158,1,Male,14.17,Right,3.0,LD,1,57.0,28.0,29.0,3.0,99.0,115.0,,107.0,1,1.0,1.0,1,1.0
3224401,1,Male,12.92,Right,0.0,,1,25.0,14.0,11.0,3.0,117.0,100.0,,110.0,1,1.0,1.0,0,0.0
3277313,1,Male,12.33,Right,0.0,,1,25.0,13.0,12.0,3.0,97.0,121.0,,109.0,1,1.0,1.0,0,0.0
3291029,1,Male,14.83,Right,3.0,"LD, DBD-NOS",1,66.0,36.0,30.0,3.0,90.0,86.0,,87.0,1,1.0,1.0,1,1.0
3385520,1,Male,13.5,Right,0.0,,1,41.0,25.0,16.0,3.0,104.0,123.0,,114.0,1,1.0,1.0,0,0.0
3473830,1,Male,12.67,Right,0.0,,1,26.0,14.0,12.0,3.0,128.0,121.0,,128.0,1,1.0,1.0,0,0.0
3624598,1,Male,14.58,Right,0.0,,1,21.0,9.0,12.0,3.0,140.0,121.0,,135.0,1,1.0,1.0,0,0.0
3672300,1,Male,14.0,Right,3.0,LD,1,51.0,30.0,21.0,3.0,117.0,120.0,,120.0,1,1.0,1.0,1,1.0
3712305,1,Male,11.0,Right,3.0,"LD, CD, Tics",1,56.0,28.0,28.0,3.0,104.0,101.0,,103.0,1,1.0,1.0,1,1.0
3803759,1,Male,13.17,Right,3.0,LD,1,51.0,35.0,16.0,3.0,111.0,79.0,,95.0,1,1.0,1.0,1,1.0
3870624,1,Male,11.0,Right,1.0,,1,50.0,26.0,24.0,3.0,119.0,111.0,,117.0,1,1.0,1.0,0,1.0
3930512,1,Male,12.58,Right,0.0,,1,25.0,15.0,10.0,3.0,124.0,123.0,,126.0,1,1.0,1.0,0,0.0
4006710,1,Male,14.0,Right,3.0,"LD, ODD",1,50.0,29.0,21.0,3.0,106.0,83.0,,92.0,1,1.0,1.0,1,1.0
4048810,1,Male,14.67,Right,0.0,,1,,,,3.0,120.0,109.0,,117.0,1,1.0,1.0,0,0.0
4136226,1,Male,11.25,Right,0.0,,1,,,,3.0,112.0,118.0,,117.0,1,1.0,1.0,0,0.0
4241194,1,Male,11.67,Right,1.0,"ODD, LD",1,47.0,23.0,24.0,3.0,123.0,76.0,,101.0,1,1.0,1.0,1,1.0
5575344,1,Male,13.75,Right,0.0,,1,30.0,17.0,13.0,3.0,116.0,103.0,,111.0,1,1.0,1.0,0,0.0
5669389,1,Male,13.75,Right,0.0,,1,24.0,15.0,9.0,3.0,120.0,97.0,,110.0,1,1.0,1.0,0,0.0
6383713,1,Male,11.75,Right,1.0,"LD, Tics",1,61.0,29.0,32.0,3.0,115.0,91.0,,104.0,1,1.0,1.0,1,1.0
6477085,1,Male,13.0,Right,0.0,,1,25.0,13.0,12.0,3.0,115.0,112.0,,115.0,1,1.0,1.0,0,0.0
7994085,1,Male,14.92,Right,0.0,,1,38.0,23.0,15.0,3.0,89.0,86.0,,86.0,1,1.0,1.0,0,0.0
8191384,1,Male,13.42,Right,0.0,,1,21.0,11.0,10.0,3.0,104.0,81.0,,92.0,1,1.0,1.0,0,0.0
16058,7,Female,17.01,Right,0.0,,,,,,2.0,109.0,129.0,121.0,116.0,,1.0,1.0,0,0.0
16046,7,Female,14.99,Right,0.0,,,,,,2.0,116.0,129.0,126.0,117.0,,1.0,1.0,0,0.0
16060,7,Male,17.16,Right,0.0,,,,,,2.0,122.0,119.0,124.0,113.0,,1.0,1.0,0,0.0
16048,7,Male,15.56,Right,0.0,,,,,,2.0,109.0,102.0,107.0,103.0,,1.0,1.0,0,0.0
16029,7,Male,13.11,Right,0.0,,,,,,2.0,99.0,99.0,100.0,88.0,,1.0,1.0,0,0.0
16089,7,Female,20.45,Right,0.0,,,,,,2.0,108.0,125.0,118.0,115.0,,1.0,1.0,0,0.0
16004,7,Male,10.49,Right,0.0,,,,,,2.0,95.0,105.0,100.0,104.0,,1.0,1.0,0,0.0
16078,7,Male,18.72,Right,0.0,,,,,,2.0,110.0,119.0,116.0,124.0,,1.0,1.0,0,0.0
16073,7,Male,18.48,Right,0.0,,,,,,2.0,119.0,126.0,126.0,128.0,,1.0,1.0,0,0.0
16086,7,Male,18.93,Right,0.0,,,,,,2.0,108.0,102.0,106.0,95.0,,1.0,1.0,0,0.0
16072,7,Male,18.43,Right,0.0,,,,,,2.0,125.0,103.0,116.0,123.0,,1.0,1.0,0,0.0
16088,7,Female,19.66,Right,0.0,,,,,,2.0,117.0,118.0,119.0,120.0,,1.0,0.0,0,0.0
16012,7,Male,11.41,Right,0.0,,,,,,2.0,105.0,118.0,112.0,109.0,,1.0,1.0,0,0.0
16075,7,Female,18.52,Right,0.0,,,,,,2.0,108.0,99.0,104.0,105.0,,1.0,1.0,0,0.0
16041,7,Female,14.82,Right,0.0,,,,,,2.0,80.0,107.0,92.0,88.0,,1.0,1.0,0,0.0
16080,7,Female,18.8,Right,0.0,,,,,,2.0,-999.0,-999.0,-999.0,121.0,,1.0,1.0,0,0.0
16087,7,Male,18.96,Right,0.0,,,,,,2.0,-999.0,-999.0,-999.0,113.0,,1.0,1.0,0,0.0
16024,7,Female,12.65,Right,0.0,,,,,,2.0,103.0,109.0,107.0,117.0,,1.0,1.0,0,0.0
16043,7,Female,14.85,Right,0.0,,,,,,2.0,105.0,115.0,110.0,107.0,,1.0,1.0,0,0.0
16006,7,Male,10.76,Right,0.0,,,,,,2.0,-999.0,-999.0,-999.0,78.0,,1.0,1.0,0,0.0
16084,7,Male,18.9,Right,0.0,,,,,,2.0,110.0,118.0,116.0,118.0,,1.0,1.0,0,0.0
16082,7,Female,18.85,Right,0.0,,,,,,2.0,-999.0,-999.0,-999.0,118.0,,1.0,1.0,0,0.0
16034,7,Female,13.87,Right,0.0,,,,,,2.0,105.0,114.0,109.0,109.0,,1.0,1.0,0,0.0
16016,7,Male,11.71,Right,0.0,,,,,,2.0,113.0,119.0,118.0,108.0,,1.0,1.0,0,0.0
16005,7,Female,10.57,Right,0.0,,,,,,2.0,141.0,127.0,139.0,128.0,,1.0,1.0,0,0.0
16001,7,Male,10.11,Right,0.0,,,,,,2.0,88.0,131.0,108.0,106.0,,1.0,1.0,0,0.0
16017,7,Female,11.75,Right,0.0,,,,,,2.0,-999.0,-999.0,-999.0,111.0,,0.0,0.0,0,0.0
16026,7,Male,12.88,Right,0.0,,,,,,2.0,112.0,93.0,103.0,109.0,,1.0,1.0,0,0.0
16037,7,Male,14.15,Right,0.0,,,,,,2.0,109.0,129.0,121.0,117.0,,1.0,1.0,0,0.0
16053,7,Male,15.92,Right,0.0,,,,,,2.0,126.0,116.0,124.0,120.0,,1.0,1.0,0,0.0
16050,7,Male,15.78,Right,0.0,,,,,,2.0,-999.0,-999.0,-999.0,108.0,,1.0,1.0,0,0.0
16039,7,Male,14.57,Right,0.0,,,,,,2.0,116.0,100.0,109.0,110.0,,1.0,1.0,0,0.0
16013,7,Male,11.53,Right,0.0,,,,,,2.0,88.0,126.0,106.0,113.0,,1.0,1.0,0,0.0
16067,7,Female,17.91,Left,0.0,,,,,,2.0,-999.0,-999.0,-999.0,96.0,,1.0,1.0,0,0.0
16031,7,Male,13.53,Right,0.0,,,,,,2.0,122.0,116.0,122.0,124.0,,1.0,1.0,0,0.0
16036,7,Male,13.97,Right,0.0,,,,,,2.0,116.0,92.0,104.0,107.0,,1.0,1.0,0,0.0
16022,7,Female,12.47,Right,0.0,,,,,,2.0,98.0,114.0,107.0,102.0,,1.0,1.0,0,0.0
16044,7,Male,14.85,Right,0.0,,,,,,2.0,88.0,81.0,83.0,82.0,,1.0,1.0,0,0.0
16063,7,Male,17.46,Right,0.0,,,,,,2.0,100.0,111.0,107.0,101.0,,1.0,1.0,0,0.0
16038,7,Male,14.24,Right,0.0,,,,,,2.0,98.0,107.0,103.0,91.0,,1.0,1.0,0,0.0
16070,7,Female,18.31,Right,0.0,,,,,,2.0,-999.0,-999.0,-999.0,92.0,,1.0,1.0,0,0.0
16061,7,Male,17.23,Right,0.0,,,,,,2.0,-999.0,-999.0,-999.0,90.0,,1.0,1.0,0,0.0
16042,7,Female,14.84,Right,0.0,,,,,,2.0,107.0,115.0,112.0,109.0,,1.0,1.0,0,0.0
16055,7,Male,16.16,Right,0.0,,,,,,2.0,105.0,109.0,108.0,113.0,,1.0,1.0,0,0.0
16049,7,Female,15.69,Right,0.0,,,,,,2.0,112.0,96.0,105.0,102.0,,1.0,1.0,0,0.0
16059,7,Female,17.13,Right,0.0,,,,,,2.0,102.0,119.0,111.0,102.0,,1.0,1.0,0,0.0
16045,7,Female,14.89,Right,0.0,,,,,,2.0,105.0,116.0,111.0,118.0,,1.0,1.0,0,0.0
16010,7,Male,11.24,Right,0.0,,,,,,2.0,118.0,131.0,127.0,123.0,,1.0,1.0,0,0.0
16047,7,Female,15.15,Right,0.0,,,,,,2.0,108.0,109.0,109.0,111.0,,1.0,1.0,0,0.0
16076,7,Female,18.6,Right,0.0,,,,,,2.0,-999.0,-999.0,-999.0,125.0,,1.0,1.0,0,0.0
16069,7,Female,18.14,Right,0.0,,,,,,2.0,119.0,118.0,121.0,118.0,,1.0,1.0,0,0.0
16066,7,Female,17.86,Right,0.0,,,,,,2.0,106.0,105.0,106.0,107.0,,1.0,1.0,0,0.0
16062,7,Female,17.44,Right,0.0,,,,,,2.0,-999.0,-999.0,-999.0,112.0,,1.0,1.0,0,0.0
16077,7,Female,18.72,Right,0.0,,,,,,2.0,-999.0,-999.0,-999.0,113.0,,1.0,1.0,0,0.0
16052,7,Male,15.91,Right,0.0,,,,,,2.0,110.0,116.0,115.0,106.0,,1.0,1.0,0,0.0
16064,7,Male,17.49,Right,0.0,,,,,,2.0,-999.0,-999.0,-999.0,109.0,,1.0,1.0,0,0.0
16027,7,Male,12.91,Right,0.0,,,,,,2.0,-999.0,-999.0,-999.0,123.0,,1.0,1.0,0,0.0
16009,7,Male,11.12,Right,0.0,,,,,,2.0,112.0,109.0,114.0,109.0,,1.0,1.0,0,0.0
16056,7,Female,16.28,Right,0.0,,,,,,2.0,-999.0,-999.0,-999.0,102.0,,1.0,1.0,0,0.0
16068,7,Female,17.96,Right,0.0,,,,,,2.0,-999.0,-999.0,-999.0,131.0,,1.0,1.0,0,0.0
16018,7,Female,12.12,Right,0.0,,,,,,2.0,115.0,103.0,110.0,118.0,,1.0,1.0,0,0.0
16074,7,Female,18.49,Right,0.0,,,,,,2.0,-999.0,-999.0,-999.0,118.0,,1.0,1.0,0,0.0
16085,7,Female,18.9,Right,0.0,,,,,,2.0,-999.0,-999.0,-999.0,113.0,,1.0,1.0,0,0.0
16071,7,Female,18.33,Right,0.0,,,,,,2.0,-999.0,-999.0,-999.0,111.0,,1.0,1.0,0,0.0
16008,7,Male,11.03,Right,0.0,,,,,,2.0,-999.0,-999.0,-999.0,130.0,,1.0,1.0,0,0.0
16025,7,Male,12.71,Right,0.0,,,,,,2.0,-999.0,-999.0,-999.0,99.0,,1.0,1.0,0,0.0
16033,7,Male,13.68,Right,0.0,,,,,,2.0,-999.0,-999.0,-999.0,99.0,,1.0,1.0,0,0.0
16028,7,Male,13.03,Right,0.0,,,,,,2.0,-999.0,-999.0,-999.0,111.0,,1.0,1.0,0,0.0
16007,7,Female,10.93,Right,0.0,,,,,,2.0,-999.0,-999.0,-999.0,108.0,,1.0,1.0,0,0.0
16030,7,Male,13.44,Right,0.0,,,,,,2.0,-999.0,-999.0,-999.0,96.0,,1.0,1.0,0,0.0
16021,7,Male,12.41,Right,0.0,,,,,,2.0,-999.0,-999.0,-999.0,133.0,,1.0,1.0,0,0.0
16083,7,Male,18.86,Right,0.0,,,,,,2.0,-999.0,-999.0,-999.0,133.0,,1.0,1.0,0,0.0
16020,7,Female,12.35,Right,0.0,,,,,,2.0,-999.0,-999.0,-999.0,131.0,,1.0,1.0,0,0.0
16014,7,Male,11.69,Right,0.0,,,,,,2.0,-999.0,-999.0,-999.0,103.0,,1.0,1.0,0,0.0
16079,7,Male,18.74,Left,0.0,,,,,,2.0,-999.0,-999.0,-999.0,119.0,,1.0,1.0,0,0.0
16051,7,Female,15.88,Right,0.0,,,,,,2.0,-999.0,-999.0,-999.0,99.0,,1.0,1.0,0,0.0
16040,7,Female,14.63,Right,0.0,,,,,,2.0,108.0,117.0,114.0,108.0,,1.0,1.0,0,0.0
16019,7,Female,12.23,Right,0.0,,,,,,2.0,-999.0,-999.0,-999.0,89.0,,1.0,1.0,0,0.0
16065,7,Female,17.84,Right,0.0,,,,,,2.0,-999.0,-999.0,-999.0,108.0,,1.0,1.0,0,0.0
16081,7,Male,18.81,Right,0.0,,,,,,2.0,-999.0,-999.0,-999.0,103.0,,1.0,1.0,0,0.0
16032,7,Female,13.65,Left,0.0,,,,,,2.0,-999.0,-999.0,-999.0,105.0,,1.0,1.0,0,0.0
16003,7,Male,10.46,Right,0.0,,,,,,2.0,-999.0,-999.0,-999.0,114.0,,1.0,1.0,0,0.0
16011,7,Female,11.28,Right,0.0,,,,,,2.0,-999.0,-999.0,-999.0,105.0,,1.0,1.0,0,0.0
16057,7,Female,16.74,Right,0.0,,,,,,2.0,-999.0,-999.0,-999.0,90.0,,1.0,1.0,0,0.0
16015,7,Male,11.7,Right,0.0,,,,,,2.0,-999.0,-999.0,-999.0,108.0,,1.0,1.0,0,0.0
16035,7,Male,13.94,Right,0.0,,,,,,2.0,-999.0,-999.0,-999.0,113.0,,1.0,1.0,0,0.0
16023,7,Female,12.51,Left,0.0,,,,,,2.0,113.0,105.0,110.0,107.0,,1.0,1.0,0,0.0
16054,7,Male,16.05,Right,0.0,,,,,,2.0,-999.0,-999.0,-999.0,105.0,,1.0,1.0,0,0.0
16002,7,Female,10.16,Right,0.0,,,,,,2.0,-999.0,-999.0,-999.0,120.0,,1.0,1.0,0,0.0
15001,8,Male,9.94,Right,0.0,,,,,,4.0,,,,140.0,,1.0,0.0,0,0.0
15002,8,Female,7.17,Right,0.0,,,,,,4.0,,,,136.0,,1.0,1.0,0,0.0
15003,8,Male,9.18,Right,0.0,,,,,,4.0,,,,126.0,,1.0,1.0,0,0.0
15004,8,Female,7.46,Right,0.0,,,,,,4.0,,,,96.0,,1.0,0.0,0,0.0
15005,8,Female,21.13,Right,0.0,,,,,,4.0,,,,111.0,,1.0,1.0,0,0.0
15006,8,Female,21.81,Right,0.0,,,,,,4.0,,,,128.0,,1.0,1.0,0,0.0
15007,8,Female,21.22,Right,0.0,,,,,,4.0,,,,122.0,,1.0,1.0,0,0.0
15008,8,Female,8.64,Right,0.0,,,,,,4.0,,,,141.0,,1.0,1.0,0,0.0
15010,8,Female,7.63,Right,0.0,,,,,,4.0,,,,99.0,,1.0,1.0,0,0.0
15011,8,Male,7.26,Right,0.0,,,,,,4.0,,,,124.0,,,,0,0.0
15012,8,Female,8.96,Right,0.0,,,,,,4.0,,,,109.0,,1.0,1.0,0,0.0
15013,8,Female,7.67,Right,0.0,,,,,,4.0,,,,117.0,,1.0,1.0,0,0.0
15014,8,Female,7.09,Right,0.0,,,,,,4.0,,,,121.0,,1.0,1.0,0,0.0
15015,8,Female,8.1,Right,0.0,,,,,,4.0,,,,109.0,,1.0,1.0,0,0.0
15016,8,Male,8.3,Right,0.0,,,,,,4.0,,,,96.0,,1.0,0.0,0,0.0
15017,8,Male,8.02,Right,0.0,,,,,,4.0,,,,98.0,,1.0,1.0,0,0.0
15018,8,Female,8.05,Right,0.0,,,,,,4.0,,,,112.0,,,,0,0.0
15019,8,Male,8.28,Right,0.0,,,,,,4.0,,,,132.0,,1.0,0.0,0,0.0
15020,8,Female,8.41,Right,0.0,,,,,,4.0,,,,139.0,,1.0,1.0,0,0.0
15021,8,Female,7.52,Right,0.0,,,,,,4.0,,,,86.0,,1.0,1.0,0,0.0
15022,8,Male,9.17,Right,0.0,,,,,,4.0,,,,118.0,,1.0,1.0,0,0.0
15023,8,Female,7.77,Right,0.0,,,,,,4.0,,,,119.0,,1.0,1.0,0,0.0
15024,8,Male,7.25,Right,0.0,,,,,,4.0,,,,136.0,,1.0,1.0,0,0.0
15025,8,Female,7.75,Right,0.0,,,,,,4.0,,,,114.0,,1.0,1.0,0,0.0
15026,8,Female,10.11,Right,0.0,,,,,,4.0,,,,113.0,,0.0,0.0,0,0.0
15027,8,Female,14.89,Right,0.0,,,,,,4.0,,,,123.0,,1.0,0.0,0,0.0
15028,8,Male,9.23,Right,0.0,,,,,,4.0,,,,121.0,,1.0,1.0,0,0.0
15029,8,Male,11.24,Right,0.0,,,,,,4.0,,,,101.0,,1.0,1.0,0,0.0
15030,8,Male,14.45,Right,0.0,,,,,,4.0,,,,114.0,,1.0,1.0,0,0.0
15031,8,Male,12.35,Right,0.0,,,,,,4.0,,,,120.0,,1.0,1.0,0,0.0
15032,8,Male,10.9,Right,0.0,,,,,,4.0,,,,128.0,,1.0,0.0,0,0.0
15033,8,Female,11.96,Right,0.0,,,,,,4.0,,,,134.0,,1.0,0.0,0,0.0
15034,8,Male,10.28,Right,0.0,,,,,,4.0,,,,133.0,,1.0,1.0,0,0.0
15035,8,Male,11.17,Right,0.0,,,,,,4.0,,,,121.0,,1.0,1.0,0,0.0
15036,8,Female,12.77,Right,0.0,,,,,,4.0,,,,109.0,,0.0,0.0,0,0.0
15037,8,Female,14.43,Right,0.0,,,,,,4.0,,,,107.0,,1.0,1.0,0,0.0
15038,8,Male,12.38,Right,0.0,,,,,,4.0,,,,128.0,,0.0,0.0,0,0.0
15039,8,Female,14.25,Right,0.0,,,,,,4.0,,,,86.0,,1.0,1.0,0,0.0
15040,8,Male,15.0,Right,0.0,,,,,,4.0,,,,123.0,,1.0,1.0,0,0.0
15041,8,Male,14.73,Right,0.0,,,,,,4.0,,,,115.0,,1.0,1.0,0,0.0
15042,8,Male,13.66,Right,0.0,,,,,,4.0,,,,107.0,,0.0,1.0,0,0.0
15043,8,Male,14.56,Right,0.0,,,,,,4.0,,,,125.0,,1.0,1.0,0,0.0
15044,8,Male,10.35,Right,0.0,,,,,,4.0,,,,97.0,,1.0,1.0,0,0.0
15045,8,Male,13.18,Right,0.0,,,,,,4.0,,,,107.0,,1.0,1.0,0,0.0
15046,8,Male,9.63,Right,0.0,,,,,,4.0,,,,104.0,,1.0,1.0,0,0.0
15047,8,Male,13.07,Right,0.0,,,,,,4.0,,,,126.0,,1.0,1.0,0,0.0
15048,8,Male,11.62,Right,0.0,,,,,,4.0,,,,106.0,,0.0,1.0,0,0.0
15049,8,Male,9.98,Right,0.0,,,,,,4.0,,,,139.0,,1.0,1.0,0,0.0
15050,8,Female,11.43,Right,0.0,,,,,,4.0,,,,103.0,,1.0,1.0,0,0.0
15051,8,Male,8.16,Right,0.0,,,,,,4.0,,,,89.0,,1.0,1.0,0,0.0
15052,8,Male,21.83,Right,0.0,,,,,,4.0,,,,127.0,,1.0,0.0,0,0.0
15053,8,Female,15.29,Right,0.0,,,,,,4.0,,,,101.0,,1.0,1.0,0,0.0
15054,8,Female,13.47,Right,0.0,,,,,,4.0,,,,117.0,,1.0,1.0,0,0.0
15055,8,Female,9.2,Right,0.0,,,,,,4.0,,,,129.0,,1.0,1.0,0,0.0
15056,8,Male,10.97,Right,0.0,,,,,,4.0,,,,118.0,,1.0,1.0,0,0.0
15057,8,Male,21.24,Right,0.0,,,,,,4.0,,,,122.0,,1.0,0.0,0,0.0
15058,8,Female,14.08,Right,0.0,,,,,,4.0,,,,115.0,,1.0,1.0,0,0.0
15059,8,Female,9.05,Right,0.0,,,,,,4.0,,,,103.0,,1.0,1.0,0,0.0
15060,8,Male,9.76,Right,0.0,,,,,,4.0,,,,137.0,,1.0,1.0,0,0.0
15061,8,Male,12.04,Right,0.0,,,,,,4.0,,,,98.0,,1.0,1.0,0,0.0
15062,8,Male,12.88,Right,0.0,,,,,,4.0,,,,108.0,,1.0,1.0,0,0.0
1038415,1,Male,14.92,Right,3.0,ODD,1,52.0,34.0,18.0,3.0,109.0,103.0,-999.0,107.0,1,0.0,0.0,1,1.0
1201251,1,Male,12.33,Right,3.0,,1,49.0,28.0,21.0,3.0,115.0,103.0,-999.0,110.0,2,1.0,1.0,0,1.0
1245758,1,Female,8.58,Right,0.0,,1,35.0,20.0,15.0,3.0,121.0,88.0,-999.0,106.0,1,1.0,1.0,0,0.0
1253411,1,Male,8.08,Right,0.0,,1,35.0,19.0,16.0,3.0,119.0,106.0,-999.0,114.0,1,1.0,1.0,0,0.0
1419103,1,Female,9.92,Right,0.0,,1,41.0,22.0,19.0,3.0,124.0,76.0,-999.0,102.0,1,1.0,1.0,0,0.0
1517058,1,Male,9.75,Right,0.0,,1,36.0,20.0,16.0,3.0,141.0,138.0,-999.0,144.0,1,1.0,1.0,0,0.0
1581470,1,Male,8.83,Right,0.0,,1,41.0,26.0,15.0,3.0,111.0,123.0,-999.0,118.0,1,1.0,1.0,0,0.0
1784368,1,Male,8.92,Right,3.0,,1,36.0,20.0,16.0,3.0,136.0,89.0,-999.0,116.0,1,1.0,1.0,0,1.0
1849382,1,Male,11.67,Right,0.0,enuresis,1,35.0,17.0,18.0,3.0,140.0,114.0,-999.0,131.0,1,1.0,1.0,1,0.0
1854691,1,Female,8.83,Right,0.0,,1,34.0,23.0,11.0,3.0,117.0,108.0,-999.0,114.0,1,1.0,1.0,0,0.0
1883688,1,Female,9.08,Right,3.0,,1,45.0,10.0,35.0,3.0,112.0,83.0,-999.0,98.0,1,0.0,1.0,0,1.0
1951511,1,Female,11.92,Right,0.0,,1,25.0,15.0,10.0,3.0,126.0,111.0,-999.0,121.0,1,1.0,1.0,0,0.0
1985430,1,Female,11.92,Right,0.0,,1,35.0,19.0,16.0,3.0,146.0,124.0,-999.0,140.0,1,1.0,1.0,0,0.0
2024999,1,Male,10.33,Right,1.0,ODD,1,49.0,31.0,18.0,3.0,117.0,98.0,-999.0,109.0,1,1.0,1.0,1,1.0
2051479,1,Female,13.75,Right,0.0,,1,44.0,23.0,21.0,3.0,109.0,104.0,-999.0,108.0,1,1.0,1.0,0,0.0
2101067,1,Female,15.17,Right,0.0,,1,28.0,19.0,9.0,3.0,117.0,98.0,-999.0,109.0,1,1.0,1.0,0,0.0
2275786,1,Male,9.5,Right,0.0,,1,36.5,16.0,20.5,3.0,112.0,108.0,-999.0,111.0,1,1.0,1.0,0,0.0
2342030,1,Female,10.17,Right,0.0,,1,31.0,18.0,13.0,3.0,111.0,120.0,-999.0,117.0,1,1.0,1.0,0,0.0
2380326,1,Female,9.58,Right,3.0,TS,1,39.5,25.5,14.0,3.0,103.0,100.0,-999.0,102.0,1,1.0,1.0,1,1.0
2380967,1,Male,10.0,Right,3.0,,1,47.0,31.0,16.0,3.0,109.0,115.0,-999.0,113.0,1,1.0,1.0,0,1.0
2411995,1,Male,9.75,Right,0.0,,1,21.0,10.0,11.0,3.0,107.0,94.0,-999.0,101.0,1,1.0,1.0,0,0.0
2443191,1,Male,8.92,Right,0.0,,1,36.0,18.0,18.0,3.0,99.0,71.0,-999.0,84.0,1,1.0,1.0,0,0.0
2488729,1,Female,13.75,Right,0.0,,1,23.0,11.0,12.0,3.0,113.0,103.0,-999.0,109.0,1,1.0,1.0,0,0.0
2505328,1,Female,8.83,Right,3.0,,1,41.0,32.0,9.0,3.0,83.0,85.0,-999.0,82.0,1,1.0,1.0,0,1.0
2511886,1,Male,8.33,Right,0.0,,1,46.0,26.0,20.0,3.0,133.0,115.0,-999.0,128.0,1,1.0,1.0,0,0.0
2528407,1,Male,8.92,Right,0.0,,1,33.0,17.0,16.0,3.0,141.0,100.0,-999.0,124.0,1,1.0,1.0,0,0.0
2591713,1,Male,10.0,Right,0.0,,1,40.0,21.0,19.0,3.0,134.0,115.0,-999.0,128.0,1,1.0,1.0,0,0.0
2599965,1,Male,14.0,Right,1.0,ODD,1,55.0,26.0,29.0,3.0,101.0,94.0,-999.0,98.0,1,1.0,1.0,1,1.0
2628237,1,Female,13.0,Right,3.0,ODD,1,57.0,33.0,24.0,3.0,90.0,106.0,-999.0,97.0,1,1.0,1.0,1,1.0
2872641,1,Female,8.5,Right,0.0,,1,31.0,22.0,9.0,3.0,109.0,120.0,-999.0,116.0,1,1.0,1.0,0,0.0
3107623,1,Female,11.92,Right,0.0,,1,31.0,15.0,16.0,3.0,121.0,114.0,-999.0,120.0,1,1.0,1.0,0,0.0
3124419,1,Male,8.75,Right,1.0,,1,46.0,24.0,22.0,3.0,128.0,85.0,-999.0,109.0,1,1.0,1.0,0,1.0
3169448,1,Male,11.0,Right,3.0,,1,44.0,23.0,21.0,3.0,104.0,111.0,-999.0,108.0,1,1.0,1.0,0,1.0
3313497,1,Male,9.33,Right,1.0,TS,1,52.0,28.0,24.0,3.0,111.0,109.0,-999.0,111.0,2,1.0,1.0,1,1.0
3320367,1,Male,10.67,Right,0.0,,1,32.0,18.0,14.0,3.0,126.0,109.0,-999.0,120.0,1,1.0,1.0,0,0.0
3348989,1,Female,8.33,Right,0.0,,1,29.0,18.0,11.0,3.0,126.0,97.0,-999.0,114.0,1,1.0,1.0,0,0.0
3378296,1,Male,9.83,Right,1.0,ODD,1,59.0,28.0,31.0,3.0,141.0,112.0,-999.0,131.0,2,1.0,1.0,1,1.0
3407871,1,Male,13.33,Right,3.0,,1,38.0,24.0,14.0,3.0,100.0,98.0,-999.0,99.0,1,1.0,1.0,0,1.0
3504058,1,Male,13.17,Right,3.0,TS,1,47.0,30.0,17.0,3.0,115.0,100.0,-999.0,109.0,1,1.0,1.0,1,1.0
3520880,1,Male,9.83,Right,1.0,,1,54.0,29.0,25.0,3.0,140.0,135.0,-999.0,142.0,1,1.0,1.0,0,1.0
3559087,1,Male,12.58,Right,2.0,,1,46.0,20.0,26.0,3.0,108.0,104.0,-999.0,107.0,1,1.0,1.0,0,1.0
3605062,1,Female,8.58,Right,0.0,,1,40.0,17.0,23.0,3.0,130.0,100.0,-999.0,118.0,1,1.0,1.0,0,0.0
3767334,1,Male,8.33,Right,3.0,,1,51.0,26.0,25.0,3.0,112.0,104.0,-999.0,109.0,1,1.0,1.0,0,1.0
3834703,1,Male,12.92,Right,1.0,,1,42.0,24.0,18.0,3.0,112.0,101.0,-999.0,108.0,1,1.0,1.0,0,1.0
4125514,1,Male,9.17,Left,0.0,,1,30.0,15.0,15.0,3.0,136.0,100.0,-999.0,121.0,1,1.0,1.0,0,0.0
6550938,1,Male,11.5,Right,0.0,,1,34.0,17.0,17.0,3.0,146.0,112.0,-999.0,134.0,1,1.0,1.0,0,0.0
7591533,1,Male,12.42,Right,1.0,ODD,1,56.0,34.0,22.0,3.0,97.0,76.0,-999.0,86.0,1,1.0,1.0,1,1.0
7947495,1,Female,9.17,Right,0.0,,1,,,,3.0,113.0,111.0,-999.0,113.0,1,1.0,1.0,0,0.0
8463326,1,Female,12.67,Right,3.0,ODD,1,58.0,32.0,36.0,3.0,108.0,94.0,-999.0,102.0,2,1.0,0.0,1,1.0
9190596,1,Male,12.5,Right,3.0,,1,49.0,25.0,24.0,3.0,134.0,114.0,-999.0,128.0,2,1.0,1.0,0,1.0
9744150,1,Male,9.5,Right,1.0,,1,50.0,27.0,23.0,3.0,117.0,104.0,-999.0,113.0,1,1.0,1.0,0,1.0
26001,2,Male,16.92,Right,,pending,,,,,,133.0,104.0,,120.0,,1.0,1.0,1,
26002,2,Male,15.68,Right,,pending,,,,,,106.0,106.0,,107.0,,1.0,1.0,1,
26004,2,Female,14.99,Right,,pending,,,,,,119.0,123.0,,125.0,,1.0,1.0,1,
26005,2,Female,15.16,Right,,pending,,,,,,116.0,131.0,,126.0,,1.0,1.0,1,
26009,2,Male,16.91,Left,,pending,,,,,,113.0,81.0,,97.0,,1.0,1.0,1,
26014,2,Female,16.21,Right,,pending,,,,,,101.0,102.0,,102.0,,1.0,1.0,1,
26015,2,Female,15.2,Right,,pending,,,,,,127.0,98.0,,113.0,,1.0,1.0,1,
26016,2,Male,16.07,Right,,pending,,,,,,120.0,96.0,,109.0,,1.0,1.0,1,
26017,2,Female,14.56,Right,,pending,,,,,,95.0,87.0,,89.0,,1.0,1.0,1,
26022,2,Male,17.83,Right,,pending,,,,,,105.0,111.0,,109.0,,1.0,1.0,1,
26024,2,Female,17.77,Right,,pending,,,,,,89.0,83.0,,85.0,,1.0,1.0,1,
26027,2,Female,11.28,Right,,pending,,,,,,108.0,103.0,,106.0,,1.0,1.0,1,
26030,2,Female,14.51,Right,,pending,,,,,,121.0,119.0,,123.0,,0.0,1.0,1,
26039,2,Female,14.19,Right,,pending,,,,,,125.0,117.0,,124.0,,1.0,1.0,1,
26040,2,Female,13.67,Right,,pending,,,,,,111.0,93.0,,102.0,,1.0,1.0,1,
26041,2,Female,13.68,Right,,pending,,,,,,129.0,120.0,,128.0,,1.0,1.0,1,
26042,2,Female,13.82,Right,,pending,,,,,,106.0,110.0,,109.0,,1.0,1.0,1,
26043,2,Female,11.6,Right,,pending,,,,,,125.0,127.0,,129.0,,1.0,1.0,1,
26044,2,Female,9.32,Right,,pending,,,,,,119.0,93.0,,107.0,,1.0,1.0,1,
26045,2,Male,14.67,Right,,pending,,,,,,109.0,109.0,,111.0,,1.0,1.0,1,
26050,2,Female,8.5,Right,,pending,,,,,,121.0,116.0,,121.0,,1.0,1.0,1,
26052,2,Female,17.87,Right,,pending,,,,,,111.0,109.0,,112.0,,1.0,1.0,1,
26053,2,Male,15.79,Right,,pending,,,,,,123.0,111.0,,120.0,,1.0,1.0,1,
26054,2,Female,12.02,Right,,pending,,,,,,136.0,109.0,,125.0,,1.0,1.0,1,
26055,2,Male,17.74,Right,,pending,,,,,,109.0,119.0,,116.0,,1.0,1.0,1,
26057,2,Male,12.0,Right,,pending,,,,,,114.0,110.0,,114.0,,1.0,1.0,1,
20001,3,Male,10.09,Right,0.0,,,,,,1.0,104.0,117.0,,108.0,,1.0,1.0,0,0.0
20002,3,Female,10.97,Right,0.0,,,,,,1.0,112.0,112.0,,111.0,,1.0,1.0,0,0.0
20003,3,Male,9.47,Left,0.0,,,,,,1.0,128.0,117.0,,120.0,,1.0,1.0,0,0.0
20008,3,Male,8.32,Right,1.0,,,,,,1.0,102.0,117.0,,104.0,,1.0,1.0,0,1.0
20010,3,Male,8.39,Right,1.0,,,,,,1.0,119.0,143.0,,126.0,,1.0,1.0,0,1.0
20014,3,Male,10.63,Right,0.0,,,,,,1.0,116.0,115.0,,116.0,,1.0,1.0,0,0.0
20015,3,Male,8.39,Right,0.0,,,,,,1.0,130.0,121.0,,125.0,,1.0,1.0,0,0.0
20016,3,Male,11.32,Right,0.0,,,,,,1.0,106.0,115.0,,114.0,,1.0,1.0,0,0.0
20017,3,Male,9.5,Right,1.0,,,,,,1.0,104.0,100.0,,102.0,,0.0,1.0,0,1.0
20021,3,Male,11.82,Left,0.0,,,,,,1.0,110.0,112.0,,109.0,,0.0,1.0,0,0.0
20022,3,Male,11.77,Right,0.0,,,,,,1.0,121.0,112.0,,117.0,,0.0,1.0,0,0.0
27000,4,Female,20.9,Right,0.0,,,,,,5.0,,,91.0,,,1.0,1.0,0,0.0
27003,4,Male,17.54,Left,1.0,,,,,,5.0,,,106.0,,,1.0,1.0,0,1.0
27004,4,Male,14.24,Left,1.0,,,,,,5.0,,,91.0,,,1.0,1.0,0,1.0
27005,4,Female,18.65,Left,0.0,,,,,,5.0,,,87.0,,,1.0,1.0,0,0.0
27007,4,Male,16.92,Right,1.0,,,,,,5.0,,,91.0,,,1.0,1.0,0,1.0
27008,4,Male,25.04,Right,0.0,,,,,,5.0,,,78.0,,,1.0,1.0,0,0.0
27010,4,Female,16.45,Right,0.0,,,,,,5.0,,,116.0,,,1.0,1.0,0,0.0
27011,4,Male,20.82,Right,1.0,,,,,,5.0,,,128.0,,,1.0,1.0,0,1.0
27012,4,Female,14.05,,0.0,,,,,,5.0,,,,,,1.0,1.0,0,0.0
27015,4,Female,20.34,Right,0.0,,,,,,5.0,,,106.0,,,1.0,1.0,0,0.0
27016,4,Female,20.31,Right,0.0,,,,,,5.0,,,128.0,,,1.0,1.0,0,0.0
27017,4,Female,26.31,Right,0.0,,,,,,5.0,,,103.0,,,1.0,1.0,0,0.0
27018,4,Male,19.08,,1.0,,,,,,5.0,,,113.0,,,1.0,1.0,0,1.0
27020,4,Female,23.59,Right,0.0,,,,,,5.0,,,97.0,,,1.0,1.0,0,0.0
27021,4,Female,20.02,Right,0.0,,,,,,5.0,,,109.0,,,1.0,1.0,0,0.0
27022,4,Female,16.65,Right,0.0,,,,,,5.0,,,109.0,,,1.0,1.0,0,0.0
27023,4,Male,18.08,Right,1.0,,,,,,5.0,,,81.0,,,1.0,1.0,0,1.0
27024,4,Female,20.67,Right,0.0,,,,,,5.0,,,100.0,,,1.0,1.0,0,0.0
27025,4,Female,21.53,Right,0.0,,,,,,5.0,,,106.0,,,1.0,1.0,0,0.0
27026,4,Female,20.55,Right,0.0,,,,,,5.0,,,78.0,,,1.0,1.0,0,0.0
27028,4,Male,14.94,Right,1.0,,,,,,5.0,,,82.0,,,0.0,1.0,0,1.0
27034,4,Male,13.35,Right,1.0,,,,,,5.0,,,97.0,,,1.0,1.0,0,1.0
27037,4,Male,17.74,Right,1.0,,,,,,5.0,,,78.0,,,1.0,1.0,0,1.0
27040,4,Male,17.18,Right,1.0,,,,,,5.0,,,84.0,,,1.0,1.0,0,1.0
27042,4,Male,16.72,Right,1.0,,,,,,5.0,,,75.0,,,1.0,1.0,0,1.0
21002,5,Male,11.72,Right,1.0,,,70.0,70.0,56.0,2.0,105.0,89.0,,97.0,,1.0,1.0,0,1.0
21003,5,Female,9.11,Mixed,3.0,,,87.0,77.0,90.0,2.0,111.0,119.0,,117.0,,1.0,1.0,0,1.0
21005,5,Male,11.03,Right,0.0,,,42.0,41.0,43.0,2.0,105.0,107.0,,107.0,,1.0,1.0,0,0.0
21006,5,Male,9.81,Right,1.0,,,73.0,71.0,76.0,2.0,106.0,108.0,,108.0,,1.0,1.0,0,1.0
21007,5,Male,10.52,Right,0.0,,,45.0,46.0,45.0,2.0,102.0,119.0,,111.0,,1.0,1.0,0,0.0
21008,5,Male,11.28,Mixed,1.0,,,68.0,72.0,56.0,2.0,,,,,,1.0,1.0,0,1.0
21009,5,Female,11.65,Right,1.0,,,77.0,77.0,86.0,2.0,104.0,109.0,,107.0,,1.0,1.0,0,1.0
21010,5,Male,15.69,Right,3.0,,,68.0,64.0,64.0,2.0,110.0,89.0,,100.0,,1.0,1.0,0,1.0
21013,5,Male,7.51,Left,1.0,,,64.0,60.0,63.0,2.0,103.0,103.0,,103.0,,1.0,1.0,0,1.0
21014,5,Male,15.93,Mixed,1.0,,,70.0,69.0,70.0,2.0,109.0,70.0,,87.0,,0.0,0.0,0,1.0
21015,5,Male,9.3,Right,1.0,,,78.0,79.0,78.0,2.0,116.0,122.0,,119.0,,0.0,1.0,0,1.0
21016,5,Male,16.55,Right,0.0,,,47.0,45.0,48.0,2.0,114.0,109.0,,113.0,,1.0,1.0,0,0.0
21017,5,Female,11.11,Mixed,3.0,,,69.0,77.0,47.0,2.0,98.0,101.0,,100.0,,1.0,1.0,0,1.0
21018,5,Male,11.73,Right,0.0,,,,,,2.0,113.0,116.0,,116.0,,1.0,1.0,0,0.0
21019,5,Male,15.53,Right,0.0,,,40.0,45.0,43.0,2.0,112.0,99.0,,107.0,,0.0,1.0,0,0.0
21020,5,Female,15.42,Right,0.0,,,43.0,53.0,43.0,2.0,108.0,67.0,,85.0,,1.0,1.0,0,0.0
21021,5,Male,15.03,Right,3.0,,,,,,2.0,116.0,109.0,,115.0,,1.0,1.0,0,1.0
21022,5,Female,9.62,Right,1.0,,,90.0,90.0,75.0,2.0,105.0,92.0,,99.0,,1.0,1.0,0,1.0
21023,5,Male,8.11,Right,1.0,,,69.0,69.0,66.0,2.0,115.0,114.0,,116.0,,1.0,1.0,0,1.0
21024,5,Female,8.5,Right,0.0,,,48.0,51.0,48.0,2.0,131.0,133.0,,136.0,,1.0,1.0,0,0.0
21025,5,Male,8.92,Right,3.0,,,65.0,66.0,55.0,2.0,87.0,79.0,,81.0,,1.0,1.0,0,1.0
21026,5,Male,7.49,Right,1.0,,,71.0,73.0,66.0,2.0,105.0,127.0,,116.0,,1.0,1.0,0,1.0
21027,5,Female,10.43,Mixed,3.0,,,79.0,83.0,65.0,2.0,119.0,118.0,,120.0,,1.0,1.0,0,1.0
21028,5,Female,8.52,Right,0.0,,,59.0,59.0,52.0,2.0,132.0,120.0,,129.0,,1.0,1.0,0,0.0
21029,5,Male,10.73,Mixed,0.0,,,49.0,56.0,47.0,2.0,120.0,117.0,,121.0,,0.0,1.0,0,0.0
21030,5,Male,10.74,Mixed,1.0,,,77.0,82.0,56.0,2.0,110.0,100.0,,,,1.0,1.0,0,1.0
21031,5,Female,7.35,Right,1.0,,,86.0,90.0,71.0,2.0,115.0,97.0,,107.0,,1.0,1.0,0,1.0
21032,5,Female,8.84,Right,1.0,,,63.0,65.0,75.0,2.0,138.0,101.0,,120.0,,1.0,1.0,0,1.0
21033,5,Female,8.08,Right,1.0,,,,,,2.0,111.0,105.0,,109.0,,1.0,1.0,0,1.0
21034,5,Male,13.18,Right,0.0,,,,,,2.0,95.0,106.0,,101.0,,1.0,1.0,0,0.0
21035,5,Male,13.65,Right,1.0,,,81.0,77.0,75.0,2.0,118.0,103.0,,112.0,,1.0,1.0,0,1.0
21036,5,Male,12.55,Right,1.0,,,82.0,78.0,90.0,2.0,80.0,78.0,,77.0,,1.0,1.0,0,1.0
21037,5,Male,13.63,Right,3.0,,,70.0,77.0,70.0,2.0,119.0,114.0,,119.0,,0.0,0.0,0,1.0
21038,5,Male,7.26,Right,0.0,,,51.0,56.0,50.0,2.0,127.0,108.0,,119.0,,1.0,1.0,0,0.0
21039,5,Male,7.56,Mixed,1.0,,,60.0,76.0,61.0,2.0,101.0,79.0,,88.0,,1.0,1.0,0,1.0
21040,5,Male,7.62,Right,1.0,,,77.0,70.0,90.0,2.0,99.0,102.0,,100.0,,1.0,1.0,0,1.0
21041,5,Female,12.1,Right,0.0,,,42.0,43.0,47.0,2.0,119.0,119.0,,123.0,,1.0,1.0,0,0.0
21042,5,Male,9.42,Right,1.0,,,75.0,79.0,70.0,2.0,94.0,72.0,,81.0,,1.0,1.0,0,1.0
21043,5,Female,9.17,Right,1.0,,,90.0,90.0,90.0,2.0,88.0,80.0,,83.0,,1.0,1.0,0,1.0
21044,5,Male,7.74,Right,1.0,,,77.0,81.0,83.0,2.0,89.0,93.0,,89.0,,0.0,0.0,0,1.0
21046,5,Male,9.61,Mixed,1.0,,,75.0,77.0,72.0,2.0,104.0,117.0,,111.0,,1.0,0.0,0,1.0
23000,6,Female,10.42,Right,1.0,,,,,,2.0,,,,104.0,,1.0,1.0,0,1.0
23001,6,Male,9.33,Right,0.0,,,,,,2.0,,,,96.0,,1.0,1.0,0,0.0
23002,6,Male,10.67,Right,1.0,,,,,,2.0,,,,136.0,,1.0,1.0,0,1.0
23003,6,Male,7.67,Right,2.0,,,,,,2.0,,,,126.0,,1.0,1.0,0,1.0
23004,6,Male,9.33,Right,1.0,,,,,,2.0,,,,103.8,,1.0,1.0,0,1.0
23005,6,Male,11.75,Right,0.0,,,,,,2.0,,,,104.0,,1.0,1.0,0,0.0
23006,6,Female,9.25,Right,0.0,,,,,,2.0,,,,114.0,,1.0,1.0,0,0.0
23007,6,Male,11.08,Right,3.0,,,,,,2.0,,,,112.0,,1.0,1.0,0,1.0
23008,6,Male,9.17,Right,0.0,,,,,,2.0,,,,112.0,,1.0,1.0,0,0.0
23010,6,Female,7.67,Right,0.0,,,,,,2.0,,,,118.0,,1.0,1.0,0,0.0
23011,6,Male,8.92,Right,0.0,,,,,,2.0,,,,104.0,,1.0,1.0,0,0.0
23012,6,Female,11.33,Right,1.0,,,,,,2.0,,,,120.0,,1.0,1.0,0,1.0
23013,6,Male,10.58,Right,0.0,,,,,,2.0,,,,94.0,,1.0,1.0,0,0.0
23016,6,Female,10.25,Right,0.0,,,,,,2.0,,,,143.7,,1.0,1.0,0,0.0
23017,6,Female,12.5,Right,0.0,,,,,,2.0,,,,112.0,,1.0,1.0,0,0.0
23018,6,Female,9.5,Right,0.0,,,,,,2.0,,,,100.0,,1.0,1.0,0,0.0
23019,6,Female,8.08,Right,0.0,,,,,,2.0,,,,132.0,,1.0,1.0,0,0.0
23020,6,Male,11.0,Right,0.0,,,,,,2.0,,,,122.0,,1.0,1.0,0,0.0
23024,6,Female,9.58,Right,0.0,,,,,,2.0,,,,98.0,,0.0,0.0,0,0.0
23025,6,Female,8.33,Right,0.0,,,,,,2.0,,,,98.0,,1.0,1.0,0,0.0
23026,6,Female,8.33,Right,0.0,,,,,,2.0,,,,106.0,,1.0,1.0,0,0.0
23027,6,Male,11.58,Right,0.0,,,,,,2.0,,,,100.0,,1.0,1.0,0,0.0
23028,6,Female,9.92,Right,0.0,,,,,,2.0,,,,117.1,,0.0,1.0,0,0.0
23030,6,Male,8.5,Right,0.0,,,,,,2.0,,,,120.0,,1.0,1.0,0,0.0
23031,6,Male,11.92,Right,0.0,,,,,,2.0,,,,126.0,,1.0,1.0,0,0.0
23033,6,Female,8.5,Right,0.0,,,,,,2.0,,,,120.0,,1.0,1.0,0,0.0
23035,6,Male,9.75,Right,0.0,,,,,,2.0,,,,105.7,,1.0,1.0,0,0.0
23036,6,Female,9.75,Right,0.0,,,,,,2.0,,,,128.0,,1.0,1.0,0,0.0
23037,6,Male,9.42,Right,0.0,,,,,,2.0,,,,108.0,,1.0,1.0,0,0.0
23038,6,Male,9.33,Right,0.0,,,,,,2.0,,,,124.0,,1.0,1.0,0,0.0
23039,6,Male,11.17,Right,0.0,,,,,,2.0,,,,114.0,,1.0,1.0,0,0.0
23040,6,Female,7.5,Right,0.0,,,,,,2.0,,,,126.0,,1.0,1.0,0,0.0
23041,6,Female,9.92,Right,0.0,,,,,,2.0,,,,128.5,,1.0,1.0,0,0.0
23042,6,Female,8.08,Right,0.0,,,,,,2.0,,,,98.0,,1.0,1.0,0,0.0
25000,7,Male,15.29,Right,0.0,,,,,,2.0,110.0,106.0,,109.0,1,1.0,1.0,0,0.0
25001,7,Female,14.53,Right,0.0,,,,,,2.0,93.0,86.0,,87.0,1,1.0,1.0,0,0.0
25002,7,Male,17.03,Right,3.0,,,,,,2.0,99.0,107.0,,104.0,1,1.0,1.0,0,1.0
25003,7,Male,14.4,Right,0.0,,,,,,2.0,116.0,101.0,,109.0,1,0.0,0.0,0,0.0
25008,7,Male,15.9,Right,3.0,,,,,,2.0,127.0,105.0,,117.0,2,1.0,1.0,0,1.0
25009,7,Male,13.87,Right,0.0,,,,,,2.0,135.0,119.0,,130.0,1,1.0,1.0,0,0.0
25012,7,Female,15.04,Right,3.0,,,,,,2.0,95.0,88.0,,90.0,2,1.0,1.0,0,1.0
25013,7,Male,13.64,Right,0.0,,,,,,2.0,114.0,109.0,,113.0,1,1.0,1.0,0,0.0
25014,7,Male,13.72,Right,3.0,,,,,,2.0,103.0,103.0,,104.0,2,1.0,1.0,0,1.0
