model,metric,estimate,ci_low,ci_high
B,f1,0.8918918918918919,0.8309859154929577,0.9387817322050772
B,roc_auc,0.948132537173633,0.9081964779691701,0.9785539585579112
B,avg_precision,0.940112966907774,0.894310249846821,0.9746716434777372
B,accuracy,0.9157894736842105,0.8736842105263158,0.9526315789473684
A,f1,0.9090909090909091,0.8550696979754397,0.9530201342281879
A,roc_auc,0.9716660812551223,0.9462656650246735,0.9902949594257741
A,avg_precision,0.9651730125488166,0.9336210680461539,0.9878761366529833
A,accuracy,0.9315789473684211,0.8947368421052632,0.9631578947368421
A - IQ Measure,f1,0.9103448275862069,0.855260889292196,0.9558823529411765
A - IQ Measure,roc_auc,0.9633532373258401,0.9317968702313373,0.9873871658688469
A - IQ Measure,avg_precision,0.9607814611533833,0.9270348920146919,0.9856712422321834
A - IQ Measure,accuracy,0.9315789473684211,0.8947368421052632,0.9631578947368421
A - IQ Measure - ADHD Measure,f1,0.9103448275862069,0.855260889292196,0.9558823529411765
A - IQ Measure - ADHD Measure,roc_auc,0.9682706942980915,0.9419554030207823,0.9880236181773829
A - IQ Measure - ADHD Measure,avg_precision,0.9619337495501845,0.9297570493533944,0.9848418614844126
A - IQ Measure - ADHD Measure,accuracy,0.9315789473684211,0.8947368421052632,0.9631578947368421
