comparison,metric,estimate,ci_low,ci_high,share_positive
A minus B,f1,0.017199017199017175,-0.023863985481311686,0.0586725784162052,0.794
A minus B,roc_auc,0.023533544081489333,0.004316669849758148,0.0473214218034627,0.995
A minus B,avg_precision,0.025060045641042583,0.004936613504420567,0.04839357410347712,0.9955
A minus B,accuracy,0.015789473684210575,-0.015789473684210464,0.047368421052631615,0.8005
A - IQ Measure - ADHD Measure minus B,f1,0.018452935694315054,-0.020598126806807386,0.05975723690750297,0.8085
A - IQ Measure - ADHD Measure minus B,roc_auc,0.020138157124458544,0.003545968462528204,0.0402324730894902,0.99
A - IQ Measure - ADHD Measure minus B,avg_precision,0.021820782642410497,0.0008956801960109646,0.045964559235139715,0.9805
A - IQ Measure - ADHD Measure minus B,accuracy,0.015789473684210575,-0.015789473684210464,0.047368421052631615,0.807
A minus A - IQ Measure - ADHD Measure,f1,-0.0012539184952978788,-0.023103806370227836,0.01769039917042877,0.3475
A minus A - IQ Measure - ADHD Measure,roc_auc,0.003395386957030788,-0.008495593789154533,0.015975871490369036,0.7285
A minus A - IQ Measure - ADHD Measure,avg_precision,0.0032392629986320864,-0.0074583124105069174,0.015147478760693679,0.729
A minus A - IQ Measure - ADHD Measure,accuracy,0.0,-0.015789473684210575,0.015789473684210464,0.3475
