variant,scheme,f1,roc_auc,avg_precision,accuracy
B,"random split, test (n=190)",0.8918918918918919,0.948132537173633,0.940112966907774,0.9157894736842105
B,"5-fold CV, all rows (n=947)",0.8651026392961877,0.9486754497804222,0.9425127438509061,0.9028511087645196
B,"leave-one-site-out, all rows (n=947)",0.6377816291161178,0.7568564952542853,0.7610146109723639,0.7793030623020063
A,"random split, test (n=190)",0.9090909090909091,0.9716660812551223,0.9651730125488166,0.9315789473684211
A,"5-fold CV, all rows (n=947)",0.9085714285714286,0.9752939509845586,0.9675691308675479,0.9324181626187962
A,"leave-one-site-out, all rows (n=947)",0.6815834767641996,0.7639136799357794,0.7667717237194603,0.8046462513199577
A - IQ Measure,"random split, test (n=190)",0.9103448275862069,0.9633532373258401,0.9607814611533833,0.9315789473684211
A - IQ Measure,"5-fold CV, all rows (n=947)",0.9005681818181818,0.9667138877083629,0.9610840218279629,0.9260823653643083
A - IQ Measure,"leave-one-site-out, all rows (n=947)",0.6543624161073825,0.7607475090900505,0.764662968445079,0.7824709609292503
A - IQ Measure - ADHD Measure,"random split, test (n=190)",0.9103448275862069,0.9682706942980915,0.9619337495501845,0.9315789473684211
A - IQ Measure - ADHD Measure,"5-fold CV, all rows (n=947)",0.8970380818053597,0.9636209094772631,0.9574786003404939,0.9229144667370645
A - IQ Measure - ADHD Measure,"leave-one-site-out, all rows (n=947)",0.6633165829145728,0.7688435566888606,0.7635871596405531,0.7877507919746568
