variant,site,n,adhd,prevalence,recall,specificity,auc
B,1,245,102,0.4163265306122449,0.0,1.0,0.11367064308240778
B,3,94,25,0.26595744680851063,0.88,0.9855072463768116,0.9330434782608696
B,4,73,36,0.4931506849315068,0.0,1.0,0.6914414414414414
B,5,263,152,0.5779467680608364,0.8157894736842105,0.9819819819819819,0.9735064011379803
B,6,113,43,0.3805309734513274,0.8372093023255814,0.9428571428571428,0.9375415282392026
B,7,98,4,0.04081632653061224,0.5,0.7659574468085106,
B,8,61,0,0.0,,0.9672131147540983,
A,1,245,102,0.4163265306122449,0.0196078431372549,1.0,0.8064582476347183
A,3,94,25,0.26595744680851063,0.88,0.8115942028985508,0.952463768115942
A,4,73,36,0.4931506849315068,0.0,1.0,0.6756756756756757
A,5,263,152,0.5779467680608364,0.8881578947368421,0.990990990990991,0.9841749644381222
A,6,113,43,0.3805309734513274,0.8372093023255814,0.9285714285714286,0.9355481727574751
A,7,98,4,0.04081632653061224,0.75,0.9787234042553191,
A,8,61,0,0.0,,1.0,
A - IQ Measure,1,245,102,0.4163265306122449,0.0196078431372549,1.0,0.7965857671740024
A - IQ Measure,3,94,25,0.26595744680851063,0.88,0.8260869565217391,0.9547826086956521
A - IQ Measure,4,73,36,0.4931506849315068,0.0,1.0,0.7173423423423424
A - IQ Measure,5,263,152,0.5779467680608364,0.875,0.972972972972973,0.978959222380275
A - IQ Measure,6,113,43,0.3805309734513274,0.8372093023255814,0.9428571428571428,0.9159468438538205
A - IQ Measure,7,98,4,0.04081632653061224,0.5,0.7872340425531915,
A - IQ Measure,8,61,0,0.0,,1.0,
A - IQ Measure - ADHD Measure,1,245,102,0.4163265306122449,0.0196078431372549,1.0,0.8240778829014124
A - IQ Measure - ADHD Measure,3,94,25,0.26595744680851063,0.88,0.8115942028985508,0.9344927536231884
A - IQ Measure - ADHD Measure,4,73,36,0.4931506849315068,0.0,1.0,0.7492492492492492
A - IQ Measure - ADHD Measure,5,263,152,0.5779467680608364,0.8947368421052632,0.990990990990991,0.9829895685158843
A - IQ Measure - ADHD Measure,6,113,43,0.3805309734513274,0.8372093023255814,0.9714285714285714,0.9342192691029901
A - IQ Measure - ADHD Measure,7,98,4,0.04081632653061224,0.5,0.776595744680851,
A - IQ Measure - ADHD Measure,8,61,0,0.0,,1.0,
