feature_set,approach,scheme,f1,roc_auc,avg_precision,accuracy
B,"Ensemble (top3=['ExtraTrees', 'RandomForest', 'SVM'])",test (n=190),0.8918918918918919,0.948132537173633,0.940112966907774,0.9157894736842105
B,"Ensemble (top3=['ExtraTrees', 'RandomForest', 'SVM'])",5-fold CV (n=947),0.8651026392961877,0.9486754497804222,0.9425127438509061,0.9028511087645196
B,"Ensemble (top3=['ExtraTrees', 'RandomForest', 'SVM'])",leave-one-site-out (n=947),0.6377816291161178,0.7568564952542853,0.7610146109723639,0.7793030623020063
B,Solo best (ExtraTrees),test (n=190),0.8689655172413793,0.9469617140850017,0.937911465654981,0.9
B,Solo best (ExtraTrees),5-fold CV (n=947),0.8600883652430045,0.945440808424234,0.9379165718571748,0.8996832101372756
B,Solo best (ExtraTrees),leave-one-site-out (n=947),0.6352530541012217,0.7086697832554185,0.7420627733616011,0.7793030623020063
A,"Ensemble (top3=['XGBoost', 'RandomForest', 'ExtraTrees'])",test (n=190),0.9090909090909091,0.9716660812551223,0.9651730125488166,0.9315789473684211
A,"Ensemble (top3=['XGBoost', 'RandomForest', 'ExtraTrees'])",5-fold CV (n=947),0.9085714285714286,0.9752939509845586,0.9675691308675479,0.9324181626187962
A,"Ensemble (top3=['XGBoost', 'RandomForest', 'ExtraTrees'])",leave-one-site-out (n=947),0.6815834767641996,0.7639136799357794,0.7667717237194603,0.8046462513199577
A,Solo best (XGBoost),test (n=190),0.9241379310344827,0.964172813487882,0.9620401067768546,0.9421052631578948
A,Solo best (XGBoost),5-fold CV (n=947),0.8920863309352518,0.9636539642064504,0.9587365413422716,0.9208025343189018
A,Solo best (XGBoost),leave-one-site-out (n=947),0.6793103448275862,0.7106743164754215,0.7510530513586291,0.8035902851108765
