feature,importance_mean,importance_std
Inattentive,0.3118098533216072,0.0387843824401202
Med Status,0.05554998301521878,0.009002060141734448
IQ Measure,0.05502323850178216,0.01953008114648681
Hyper/Impulsive,0.022633336872821385,0.014417192131187495
Gender,0.017035606632431775,0.011739255247604462
Full4 IQ,0.005370530977363441,0.009190811333288345
Performance IQ,0.0010359059579916452,0.0051611103943415
has_secondary_dx,0.0010022640195053833,0.0049598978724705225
Full2 IQ,0.0008962868117797562,0.0038857851230457035
ADHD Measure,-0.0005379310031692674,0.0053130111742914245
Handedness,-0.007575757575757569,0.0
Verbal IQ,-0.007886569528763165,0.006656004500898839
Age,-0.009514375345960623,0.00856299297546912
