ScanDir ID,Site,Gender,Age,Handedness,DX,Secondary Dx,ADHD Measure,ADHD Index,Inattentive,Hyper/Impulsive,IQ Measure,Verbal IQ,Performance IQ,Full2 IQ,Full4 IQ,Med Status,QC_Athena,QC_NIAK
2371032,3,0.0,10.73,1,0,,2,47,55,43,1.0,121.0,119.0,,122.0,1,1.0,1.0
2026113,3,0.0,12.99,1,1,,2,90,89,78,1.0,122.0,108.0,,106.0,1,1.0,1.0
3434578,3,0.0,8.12,1,0,,2,42,42,43,1.0,85.0,98.0,,89.0,1,1.0,1.0
8628223,3,0.0,10.81,1,0,Simple phobia,2,42,49,49,1.0,85.0,86.0,,97.0,1,1.0,1.0
1623716,3,0.0,12.65,1,1,,2,87,90,90,1.0,89.0,88.0,,89.0,1,1.0,1.0
1594156,3,1.0,12.87,1,0,Simple Phobia,2,54,55,57,1.0,124.0,104.0,,108.0,1,1.0,1.0
2930625,3,1.0,9.97,1,0,,2,40,40,50,1.0,91.0,127.0,,106.0,1,1.0,1.0
3154996,3,1.0,11.65,1,3,,2,64,74,58,1.0,93.0,98.0,,88.0,1,1.0,1.0
3160561,3,1.0,11.95,1,1,,2,71,62,70,1.0,93.0,108.0,,99.0,1,1.0,1.0
4275075,3,0.0,10.5,1,3,,2,87,75,69,1.0,93.0,100.0,,94.0,1,1.0,1.0
2917777,3,1.0,12.66,1,0,,2,-999,-999,-999,1.0,95.0,104.0,,100.0,1,1.0,1.0
2558999,3,1.0,8.87,1,0,,2,40,40,43,1.0,130.0,108.0,,120.0,1,1.0,1.0
2740232,3,1.0,11.09,1,0,,2,42,43,48,1.0,99.0,102.0,,85.0,1,1.0,0.0
1018959,3,0.0,12.36,1,0,,2,44,47,44,1.0,121.0,100.0,,110.0,1,1.0,1.0
2572285,3,1.0,8.33,1,0,,2,46,48,43,1.0,96.0,119.0,,106.0,1,1.0,1.0
1962503,3,0.0,8.67,0,0,simple phobias,2,48,48,49,1.0,102.0,110.0,,115.0,1,1.0,1.0
1842819,3,1.0,10.09,1,0,,2,50,52,44,1.0,110.0,92.0,,105.0,1,1.0,1.0
1873761,3,0.0,10.36,1,1,ODD,2,90,90,90,1.0,138.0,108.0,,126.0,1,1.0,1.0
3103809,3,1.0,9.3,1,0,,2,41,43,48,1.0,104.0,92.0,,102.0,1,1.0,1.0
3699991,3,1.0,12.77,1,0,,2,42,41,43,1.0,104.0,102.0,,98.0,1,0.0,1.0
1535233,3,1.0,9.64,0,0,,2,42,41,43,1.0,136.0,96.0,,120.0,1,1.0,1.0
4154182,3,0.0,9.75,1,0,,2,49,42,46,1.0,106.0,123.0,,111.0,1,1.0,1.0
6453038,3,0.0,8.72,1,1,,2,62,65,61,1.0,106.0,106.0,,108.0,1,1.0,1.0
3486975,3,0.0,11.73,1,0,,2,42,42,43,1.0,108.0,121.0,,117.0,1,1.0,1.0
3912996,3,0.0,9.79,1,0,,2,49,53,43,1.0,108.0,110.0,,109.0,1,0.0,0.0
1686265,3,1.0,8.02,0,0,,2,50,51,43,1.0,112.0,119.0,,108.0,1,1.0,1.0
2014113,3,1.0,10.35,1,1,,2,60,65,66,1.0,108.0,106.0,,102.0,1,1.0,1.0
1996183,3,1.0,11.04,1,3,ODD,2,77,76,66,1.0,116.0,123.0,,112.0,1,1.0,1.0
7129258,3,1.0,9.73,1,0,,2,42,40,44,1.0,110.0,108.0,,112.0,1,1.0,1.0
1779922,3,1.0,10.84,1,0,,2,43,41,48,1.0,116.0,137.0,,124.0,1,1.0,1.0
3310328,3,1.0,9.97,1,2,,2,64,61,68,1.0,110.0,123.0,,113.0,1,1.0,1.0
2618929,3,1.0,10.09,1,0,,2,41,40,43,1.0,104.0,100.0,,96.0,1,1.0,1.0
1652369,3,0.0,10.6,0,0,,2,42,47,46,1.0,112.0,106.0,,115.0,1,1.0,1.0
4104523,3,1.0,12.43,1,0,,2,42,43,45,1.0,112.0,98.0,,101.0,1,1.0,0.0
8083695,3,1.0,8.62,1,0,,2,42,48,41,1.0,112.0,125.0,,121.0,1,1.0,1.0
6346605,3,1.0,10.69,1,0,,2,49,53,48,1.0,112.0,110.0,,104.0,1,1.0,1.0
9922944,3,1.0,10.3,1,0,,2,49,50,54,1.0,112.0,110.0,,109.0,1,1.0,1.0
1638334,3,0.0,10.44,1,0,,2,52,51,43,1.0,87.0,104.0,,98.0,1,1.0,1.0
1692275,3,0.0,10.78,1,0,,2,42,42,43,1.0,108.0,119.0,,105.0,1,1.0,1.0
2641332,3,0.0,10.38,1,0,,2,42,42,43,1.0,114.0,92.0,,95.0,1,1.0,1.0
8263351,3,1.0,8.34,1,0,,2,54,51,48,1.0,114.0,106.0,,107.0,1,1.0,1.0
3884955,3,1.0,11.84,1,0,,2,40,41,46,1.0,119.0,123.0,,134.0,1,1.0,1.0
2344857,3,0.0,8.92,1,0,,2,45,44,47,1.0,119.0,108.0,,119.0,1,1.0,1.0
2822304,3,0.0,9.62,1,0,,2,50,44,60,1.0,119.0,98.0,,111.0,1,1.0,1.0
8658218,3,1.0,9.75,1,0,Simple Phobia,2,56,55,52,1.0,119.0,115.0,,114.0,1,1.0,1.0
3119327,3,1.0,10.15,0,3,ODD; Phobia,2,67,64,60,1.0,119.0,125.0,,119.0,1,1.0,1.0
2299519,3,1.0,11.89,1,1,,2,69,67,76,1.0,110.0,79.0,,86.0,1,1.0,1.0
3813783,3,0.0,10.55,1,0,,2,42,42,46,1.0,121.0,131.0,,132.0,1,1.0,1.0
2640795,3,1.0,12.47,1,0,,2,44,43,54,1.0,136.0,108.0,,119.0,1,1.0,1.0
4601682,3,0.0,11.02,1,0,,2,44,42,49,1.0,121.0,108.0,,115.0,1,1.0,1.0
3972472,3,0.0,9.12,1,0,,2,55,57,51,1.0,121.0,94.0,,109.0,1,1.0,1.0
2018106,3,1.0,11.66,1,0,Specific phobia,2,53,55,52,1.0,108.0,110.0,,114.0,1,1.0,1.0
2104012,3,1.0,9.62,0,0,,2,42,43,44,1.0,116.0,123.0,,115.0,1,1.0,1.0
5216908,3,1.0,10.82,1,0,Phobia,2,46,49,46,1.0,124.0,79.0,,98.0,1,1.0,1.0
1019436,3,1.0,12.98,1,3,,2,71,60,66,1.0,99.0,115.0,,103.0,1,1.0,1.0
8432725,3,0.0,11.51,1,0,Simple Phobia,2,-999,-999,-999,1.0,126.0,102.0,,116.0,1,1.0,1.0
1043241,3,1.0,9.12,1,0,,2,40,40,43,1.0,124.0,108.0,,122.0,1,1.0,1.0
2554127,3,1.0,9.02,1,0,,2,46,41,47,1.0,138.0,121.0,,120.0,1,1.0,1.0
3713230,3,0.0,11.67,1,0,,2,44,42,54,1.0,132.0,106.0,,119.0,1,1.0,1.0
3902469,3,1.0,10.64,1,0,,2,50,53,50,1.0,132.0,112.0,,124.0,1,1.0,1.0
3972956,3,1.0,10.12,1,0,,2,41,41,43,1.0,134.0,127.0,,131.0,1,1.0,1.0
7415617,3,1.0,10.9,1,0,,2,43,45,43,1.0,134.0,106.0,,117.0,1,1.0,1.0
3519022,3,0.0,8.1,1,1,ODD,2,84,88,75,1.0,134.0,129.0,,134.0,1,1.0,1.0
1266183,3,0.0,9.67,1,0,,2,47,44,43,1.0,128.0,106.0,,120.0,1,1.0,1.0
1846346,3,0.0,8.91,1,0,,2,42,42,43,1.0,100.0,106.0,,109.0,1,1.0,1.0
2768273,3,0.0,9.24,1,0,,2,48,51,43,1.0,140.0,112.0,,122.0,1,1.0,1.0
3917422,3,1.0,8.19,1,1,,2,62,60,61,1.0,142.0,119.0,,126.0,1,1.0,1.0
4362730,3,0.0,8.99,1,1,social and simple phobia,2,77,80,83,1.0,146.0,106.0,,121.0,1,1.0,1.0
8337695,3,1.0,8.8,1,1,ODD,2,71,74,82,1.0,93.0,112.0,,94.0,2,1.0,1.0
3611827,3,1.0,9.08,0,1,,2,62,64,56,1.0,95.0,106.0,,89.0,2,1.0,1.0
1541812,3,0.0,8.45,1,1,,2,79,90,83,1.0,106.0,135.0,,122.0,2,1.0,1.0
2601925,3,1.0,9.58,1,0,,2,-999,-999,-999,1.0,100.0,106.0,,99.0,2,1.0,1.0
7774305,3,0.0,11.22,1,0,,2,42,42,43,1.0,104.0,92.0,,108.0,2,1.0,1.0
2138826,3,0.0,8.46,1,0,,2,42,42,43,1.0,124.0,106.0,,119.0,2,1.0,1.0
3170319,3,0.0,9.52,1,1,ODD,2,67,73,69,1.0,112.0,125.0,,122.0,2,1.0,1.0
1988015,3,1.0,11.17,1,0,Simple Phobia,2,46,44,50,1.0,100.0,108.0,,99.0,2,1.0,1.0
1735881,3,0.0,9.39,2,0,,2,49,47,54,1.0,114.0,102.0,,116.0,2,1.0,1.0
2081148,3,0.0,9.43,1,1,,2,79,75,83,1.0,81.0,98.0,,88.0,2,1.0,1.0
2360428,3,1.0,8.56,1,0,,2,43,43,59,1.0,119.0,102.0,,113.0,2,0.0,1.0
2903997,3,0.0,11.91,1,0,,2,44,49,43,1.0,121.0,121.0,,126.0,2,1.0,1.0
2703289,3,1.0,11.1,1,0,,2,41,40,43,1.0,124.0,117.0,,109.0,2,1.0,1.0
1577042,3,1.0,9.06,1,1,,2,78,73,89,1.0,100.0,90.0,,90.0,2,1.0,1.0
2621228,3,0.0,8.98,1,0,,2,46,48,45,1.0,112.0,110.0,,116.0,2,1.0,1.0
1017176,4,0.0,11.66,1,0,,,,,,,,,,,,1.0,1.0
1125505,4,1.0,19.3,1,0,,,,,,,,,,,,1.0,1.0
1208586,4,1.0,20.89,1,2,,,,,,,,,,,,1.0,1.0
1312097,4,1.0,15.41,1,0,,,,,,,,,,,,1.0,1.0
1411495,4,0.0,15.21,1,0,,,,,,,,,,,,1.0,1.0
1438162,4,0.0,11.85,1,1,,,,,,,,,,,,0.0,1.0
1538046,4,0.0,14.59,1,0,,,,,,,,,,,,1.0,1.0
1585708,4,1.0,15.96,1,1,,,,,,,,,,,,1.0,1.0
1588809,4,0.0,20.08,1,0,,,,,,,,,,,,1.0,1.0
2029723,4,1.0,16.5,1,1,,,,,,,,,,,,1.0,1.0
2074737,4,1.0,14.09,1,2,,,,,,,,,,,,1.0,1.0
2352986,4,1.0,20.47,1,0,,,,,,,,,,,,1.0,1.0
2419464,4,0.0,20.04,1,0,,,,,,,,,,,,1.0,1.0
2574674,4,0.0,14.05,1,0,,,,,,,,,,,,0.0,1.0
2671604,4,1.0,17.46,1,0,,,,,,,,,,,,1.0,1.0
2756846,4,0.0,19.27,1,0,,,,,,,,,,,,1.0,1.0
2876903,4,1.0,11.05,3,2,,,,,,,,,,,,1.0,1.0
2961243,4,1.0,16.51,1,1,,,,,,,,,,,,1.0,1.0
3007585,4,1.0,19.05,1,0,,,,,,,,,,,,1.0,1.0
3048588,4,1.0,13.92,1,1,,,,,,,,,,,,1.0,1.0
3082137,4,1.0,17.93,0,1,,,,,,,,,,,,0.0,1.0
3108222,4,1.0,13.33,1,1,,,,,,,,,,,,1.0,1.0
3190461,4,1.0,19.88,1,2,,,,,,,,,,,,0.0,1.0
3304956,4,1.0,15.78,1,0,,,,,,,,,,,,0.0,1.0
3322144,4,1.0,17.5,1,1,,,,,,,,,,,,0.0,0.0
3449233,4,1.0,20.15,1,1,,,,,,,,,,,,1.0,1.0
3515506,4,1.0,18.8,1,3,,,,,,,,,,,,1.0,1.0
3566449,4,1.0,17.78,1,1,,,,,,,,,,,,1.0,1.0
3808273,4,1.0,14.25,1,1,,,,,,,,,,,,1.0,1.0
3858891,4,1.0,18.32,1,0,,,,,,,,,,,,1.0,1.0
3888614,4,1.0,16.8,1,1,,,,,,,,,,,,1.0,1.0
3941358,4,1.0,18.2,1,1,,,,,,,,,,,,0.0,1.0
3959823,4,0.0,17.5,1,0,,,,,,,,,,,,1.0,1.0
3980079,4,1.0,19.15,1,1,,,,,,,,,,,,1.0,1.0
4020830,4,0.0,18.19,1,0,,,,,,,,,,,,1.0,1.0
4134561,4,1.0,15.55,1,0,,,,,,,,,,,,1.0,1.0
4239636,4,1.0,20.54,0,1,,,,,,,,,,,,1.0,1.0
4285031,4,1.0,12.84,1,0,,,,,,,,,,,,1.0,1.0
4919979,4,0.0,12.02,1,1,,,,,,,,,,,,1.0,1.0
5045355,4,0.0,19.66,1,1,,,,,,,,,,,,1.0,1.0
6115230,4,1.0,19.39,0,0,,,,,,,,,,,,1.0,1.0
7339173,4,0.0,21.74,0,0,,,,,,,,,,,,1.0,1.0
7446626,4,0.0,13.81,1,2,,,,,,,,,,,,1.0,1.0
7504392,4,0.0,18.01,1,1,,,,,,,,,,,,1.0,1.0
8387093,4,1.0,18.59,0,2,,,,,,,,,,,,1.0,1.0
8409791,4,1.0,17.59,1,0,,,,,,,,,,,,1.0,1.0
8991934,4,0.0,17.01,1,0,,,,,,,,,,,,1.0,1.0
9956994,4,0.0,18.02,1,0,,,,,,,,,,,,1.0,1.0
1000804,5,1.0,7.29,0.83,0,,2,40,41,41,2.0,112.0,103.0,,109.0,1,1.0,1.0
1023964,5,1.0,8.29,0.57,3,,2,60,56,48,2.0,115.0,125.0,,123.0,-999,1.0,1.0
1057962,5,1.0,8.78,-999,1,,2,77,81,80,2.0,131.0,121.0,,129.0,1,1.0,1.0
1099481,5,0.0,8.04,0.5,1,,2,86,82,85,2.0,109.0,120.0,,116.0,1,1.0,1.0
1127915,5,0.0,12.44,0.21,0,,2,42,43,44,2.0,117.0,126.0,,124.0,1,1.0,1.0
1187766,5,1.0,12.79,0.73,1,,2,64,52,70,2.0,109.0,134.0,,129.0,-999,1.0,1.0
1208795,5,0.0,9.57,0.26,3,Adjustment disorder with depressed mood,2,62,66,43,2.0,122.0,109.0,,118.0,-999,1.0,1.0
1283494,5,1.0,8.61,0.67,1,,2,64,69,65,2.0,106.0,106.0,,107.0,1,1.0,1.0
1320247,5,1.0,8.59,0.21,0,,2,43,41,48,2.0,131.0,108.0,,122.0,1,1.0,1.0
1359325,5,1.0,10.76,0.56,0,,2,-999,-999,-999,2.0,131.0,135.0,,138.0,1,1.0,1.0
1435954,5,1.0,11.92,1,0,,2,45,44,43,2.0,102.0,119.0,,111.0,1,1.0,0.0
1471736,5,1.0,13.32,0.91,3,,2,63,63,52,2.0,106.0,91.0,,99.0,-999,0.0,1.0
1497055,5,1.0,8.56,0.62,1,,2,77,76,87,2.0,126.0,119.0,,125.0,-999,1.0,1.0
1511464,5,1.0,10.12,0.83,3,,2,71,74,62,2.0,110.0,104.0,,108.0,-999,1.0,1.0
1517240,5,1.0,10.06,0.47,1,"LD, ODD",2,76,77,68,2.0,125.0,117.0,,125.0,-999,1.0,1.0
1567356,5,0.0,8.91,0.31,0,,2,42,44,43,2.0,117.0,128.0,,125.0,1,1.0,1.0
1700637,5,0.0,7.68,0.39,0,,2,43,42,43,2.0,93.0,100.0,,97.0,1,1.0,1.0
1737393,5,1.0,11.24,-999,0,,2,42,41,41,2.0,126.0,128.0,,130.0,1,1.0,1.0
1740607,5,0.0,10.26,0.65,3,,2,84,80,67,2.0,108.0,128.0,,119.0,1,1.0,1.0
1780174,5,1.0,11.18,0.52,1,ODD (Agression),2,60,61,66,2.0,96.0,118.0,,107.0,1,0.0,1.0
1854959,5,0.0,12.99,0.5,0,,2,54,54,59,2.0,112.0,96.0,,105.0,1,1.0,1.0
1875084,5,0.0,7.17,0.71,0,,2,45,44,43,2.0,85.0,94.0,,90.0,1,1.0,1.0
1884448,5,1.0,8.91,0.19,0,,2,40,40,41,2.0,91.0,109.0,,100.0,1,0.0,1.0
1918630,5,1.0,7.55,0.29,1,,2,69,64,65,2.0,115.0,129.0,,125.0,-999,1.0,1.0
1934623,5,0.0,8.45,0.91,0,,2,42,42,45,2.0,111.0,112.0,,114.0,1,1.0,1.0
1992284,5,1.0,7.26,0.13,1,,2,74,68,82,2.0,120.0,106.0,,115.0,-999,1.0,1.0
1995121,5,1.0,11.43,1,0,,2,41,40,46,2.0,130.0,119.0,,127.0,1,1.0,1.0
2030383,5,1.0,13.56,0.31,1,,2,55,51,63,2.0,141.0,114.0,,131.0,-999,1.0,1.0
2054438,5,1.0,8.11,0.27,1,,2,63,61,59,2.0,101.0,103.0,,102.0,2,1.0,1.0
2107638,5,1.0,10.41,0.91,1,,2,75,74,72,2.0,109.0,106.0,,109.0,2,1.0,1.0
2136051,5,1.0,9.23,0.55,0,,2,42,44,48,2.0,127.0,106.0,,118.0,1,0.0,0.0
2230510,5,1.0,9.17,0.58,1,specific phobia,2,72,71,79,2.0,98.0,93.0,,95.0,-999,1.0,1.0
2260910,5,1.0,12.07,0.11,1,Dysthymic disorder; Specific phobia,2,56,62,52,2.0,108.0,88.0,,98.0,-999,1.0,1.0
2297413,5,1.0,11.06,0.86,3,,2,77,80,70,2.0,114.0,94.0,,105.0,2,1.0,0.0
2306976,5,1.0,11.53,0.91,1,subthreshold anxiety,2,65,64,68,2.0,115.0,104.0,,111.0,-999,1.0,1.0
2497695,5,1.0,11.61,0.6,1,,2,82,80,79,2.0,107.0,123.0,,116.0,-999,1.0,1.0
2570769,5,1.0,13.49,1,1,dyslexia; dysgraphia,2,75,70,66,2.0,88.0,82.0,,84.0,2,1.0,1.0
2682736,5,1.0,10.78,1,1,ODD,2,69,73,74,2.0,106.0,107.0,,107.0,2,1.0,1.0
2730704,5,0.0,10.21,0.91,0,,2,55,49,57,2.0,107.0,83.0,,94.0,1,1.0,1.0
2735617,5,1.0,11.42,0.83,0,some subclinical inattentive symptoms; and anxiety regarding cockroaches,2,45,49,43,2.0,122.0,126.0,,127.0,1,1.0,1.0
2741068,5,1.0,8.53,0.82,1,subthreshold anxiety,2,76,78,72,2.0,118.0,107.0,,114.0,-999,1.0,0.0
2773205,5,0.0,8.38,0.64,3,,2,83,90,65,2.0,98.0,120.0,,109.0,2,1.0,1.0
2821683,5,1.0,10.69,0.68,3,,2,73,73,58,2.0,123.0,137.0,,134.0,-999,1.0,1.0
2854839,5,0.0,9.17,0.45,3,,2,71,76,50,2.0,116.0,126.0,,124.0,-999,0.0,0.0
2907383,5,0.0,12.24,0.54,0,,2,47,47,43,2.0,111.0,105.0,,109.0,1,1.0,1.0
2950672,5,1.0,11.28,1,1,,2,58,65,56,2.0,99.0,95.0,,97.0,-999,1.0,1.0
2983819,5,0.0,12.28,0.68,3,Central Auditory Processing Disorder (by history); MDD in remission; r/o GAD; Anxiety disorder NOS; Dysthymia; Depression NOS,2,90,90,80,2.0,108.0,103.0,,107.0,-999,0.0,1.0
2991307,5,1.0,8.3,0.77,0,,2,40,40,41,2.0,115.0,117.0,,118.0,1,1.0,1.0
2996531,5,1.0,12.62,0.83,3,mild anxiety  and depressive sx,2,72,72,72,2.0,137.0,119.0,,132.0,-999,1.0,1.0
3011311,5,0.0,11.56,0.75,0,,2,47,44,43,2.0,115.0,91.0,,103.0,1,1.0,1.0
3163200,5,1.0,11.91,1,0,,2,49,50,46,2.0,120.0,117.0,,121.0,1,1.0,1.0
3174224,5,1.0,8.49,0.95,1,past major depressive episode,2,79,83,76,2.0,109.0,88.0,,99.0,-999,1.0,1.0
3235580,5,0.0,8.61,0.44,1,anxiety disorder NOS,2,66,80,69,2.0,123.0,107.0,,117.0,-999,1.0,1.0
3243657,5,0.0,8.56,0.46,0,,2,41,45,41,2.0,100.0,99.0,,99.0,1,0.0,1.0
3349205,5,0.0,10.21,0.2,3,subthreshold anxiety,2,75,68,63,2.0,104.0,97.0,,100.0,1,1.0,1.0
3349423,5,1.0,12.59,0.82,0,,2,42,46,43,2.0,121.0,120.0,,124.0,1,1.0,1.0
3433846,5,1.0,10.36,0.82,1,Tics,2,64,65,60,2.0,107.0,97.0,,102.0,1,1.0,1.0
3441455,5,1.0,9.26,1,3,,2,63,61,54,2.0,135.0,116.0,,128.0,1,1.0,1.0
3457975,5,0.0,7.86,0.82,1,,2,86,84,73,2.0,123.0,126.0,,128.0,-999,1.0,1.0
3518345,5,0.0,7.67,0.67,0,,2,45,44,47,2.0,119.0,126.0,,124.0,1,1.0,1.0
3542588,5,0.0,8.05,1,1,,2,74,80,63,2.0,98.0,94.0,,107.0,1,1.0,1.0
3601861,5,0.0,9.24,0.39,1,,2,82,79,90,2.0,99.0,82.0,,88.0,-999,1.0,1.0
3619797,5,1.0,7.49,0.16,1,,2,74,73,71,2.0,106.0,100.0,,103.0,1,1.0,1.0
3650634,5,0.0,13.25,0.91,0,,2,42,43,44,2.0,99.0,101.0,,100.0,1,1.0,1.0
3653737,5,1.0,9.38,0.24,1,,2,63,61,66,2.0,106.0,104.0,,106.0,-999,1.0,0.0
3662296,5,0.0,12.45,0.76,0,,2,42,43,47,2.0,90.0,104.0,,98.0,1,0.0,0.0
3679455,5,1.0,11.97,1,1,ODD sx,2,73,68,81,2.0,114.0,89.0,,102.0,1,0.0,0.0
3845761,5,1.0,8.19,0.29,0,,2,40,40,43,2.0,117.0,102.0,,110.0,1,1.0,1.0
3999344,5,0.0,9.27,0.33,0,,2,45,48,65,2.0,134.0,98.0,,116.0,1,0.0,1.0
4060823,5,1.0,11.8,0.86,3,Reading Disorder,2,65,76,52,2.0,85.0,107.0,,95.0,2,1.0,1.0
4079254,5,1.0,10.19,0.8,0,,2,43,45,43,2.0,119.0,106.0,,115.0,1,1.0,1.0
4084645,5,0.0,7.63,0.16,0,,2,42,46,50,2.0,110.0,108.0,,111.0,1,1.0,1.0
4095229,5,1.0,9.32,0.82,1,,2,60,64,58,2.0,99.0,92.0,,95.0,1,0.0,1.0
4116166,5,0.0,10.81,0.46,1,,2,72,60,86,2.0,122.0,93.0,,108.0,1,1.0,1.0
4154672,5,1.0,9.23,0.77,1,,2,76,73,74,2.0,118.0,117.0,,119.0,-999,1.0,1.0
4164316,5,1.0,10.69,0.29,0,,2,42,40,44,2.0,92.0,72.0,,80.0,1,1.0,1.0
4187857,5,1.0,13.28,0.82,1,,2,62,55,54,2.0,105.0,111.0,,109.0,2,1.0,1.0
4562206,5,0.0,7.91,0.4,0,,2,42,42,47,2.0,112.0,104.0,,109.0,1,1.0,1.0
4827048,5,0.0,13.22,0.69,0,,2,44,45,56,2.0,108.0,99.0,,104.0,1,1.0,1.0
5164727,5,0.0,10.16,0.16,1,,2,90,90,90,2.0,117.0,109.0,,115.0,1,1.0,1.0
5971050,5,1.0,7.24,0.58,1,disruptive behavior disorder NOS,2,68,64,71,2.0,101.0,88.0,,94.0,1,1.0,1.0
6206397,5,0.0,11.56,0.76,0,,2,50,53,46,2.0,85.0,79.0,,80.0,1,1.0,0.0
6568351,5,0.0,8.1,0.05,0,subthreshold anxiety,2,52,59,49,2.0,102.0,99.0,,101.0,1,1.0,0.0
8009688,5,0.0,11.33,0.69,3,very mild PDD traits,2,84,84,86,2.0,101.0,116.0,,109.0,1,1.0,1.0
8415034,5,0.0,11.79,0.52,0,,2,47,47,46,2.0,108.0,95.0,,102.0,1,1.0,0.0
8692452,5,1.0,12.25,0.82,0,,2,45,43,52,2.0,120.0,127.0,,123.0,1,1.0,1.0
8697774,5,1.0,9.92,0.91,1,specific phobia,2,67,67,79,2.0,97.0,106.0,,101.0,2,0.0,1.0
8834383,5,1.0,8.8,0.57,0,,2,56,51,47,2.0,106.0,103.0,,106.0,1,1.0,1.0
8915162,5,1.0,10.7,1,1,,2,76,69,83,2.0,136.0,124.0,,134.0,1,1.0,1.0
9326955,5,1.0,10.92,1,1,,2,76,76,87,2.0,95.0,96.0,,95.0,-999,1.0,1.0
9578663,5,0.0,8.26,0.83,0,,2,42,42,43,2.0,143.0,117.0,,134.0,1,1.0,1.0
9750701,5,1.0,10.74,0.91,0,,2,41,40,43,2.0,103.0,121.0,,113.0,1,1.0,0.0
9907452,5,1.0,9.98,0.74,3,dysgraphia,2,62,64,46,2.0,130.0,127.0,,132.0,1,1.0,1.0
10001,5,0.0,11.17,0.52,3,,2,90,90,80,2.0,106.0,91.0,,99.0,-999,1.0,1.0
10003,5,0.0,9.29,0.11,0,,2,42,42,43,2.0,107.0,93.0,,100.0,1,1.0,0.0
10004,5,0.0,13.75,0.13,0,,2,42,43,44,2.0,-999.0,-999.0,,-999.0,1,1.0,1.0
10005,5,1.0,11.92,0.68,2,,2,63,59,70,2.0,98.0,118.0,,108.0,2,1.0,1.0
10016,5,1.0,8.7,0.42,1,,2,74,78,76,2.0,87.0,78.0,,80.0,-999,,
10009,5,1.0,12.1,0.64,0,,2,43,42,43,2.0,112.0,99.0,,107.0,1,1.0,1.0
10010,5,1.0,11.32,0.73,0,,2,45,44,44,2.0,141.0,133.0,,142.0,1,1.0,1.0
10012,5,0.0,12.41,0.42,1,,2,82,67,74,2.0,102.0,97.0,,100.0,-999,1.0,1.0
10018,5,1.0,11.54,0.57,1,,2,70,74,66,2.0,89.0,100.0,,94.0,-999,1.0,1.0
10020,5,0.0,8.37,0.79,1,,2,80,76,77,2.0,105.0,86.0,,95.0,-999,1.0,1.0
10021,5,0.0,12.54,0.65,0,,2,56,56,62,2.0,112.0,105.0,,109.0,1,1.0,1.0
10022,5,1.0,12.12,0.22,1,,2,78,73,79,2.0,108.0,100.0,,105.0,-999,1.0,1.0
10023,5,1.0,13.42,0.31,0,,2,50,52,54,2.0,104.0,105.0,,105.0,1,1.0,1.0
10028,5,1.0,9.42,1,3,,2,69,67,70,2.0,99.0,87.0,,92.0,1,1.0,1.0
10030,5,1.0,12.41,0.43,3,,2,75,75,72,2.0,100.0,105.0,,103.0,-999,1.0,1.0
10038,5,0.0,12.79,0.28,0,,2,47,45,47,2.0,142.0,129.0,,140.0,1,1.0,1.0
10034,5,0.0,10.86,0.82,0,,2,42,42,43,2.0,99.0,111.0,,106.0,1,1.0,1.0
10031,5,0.0,11.87,0.31,0,,2,54,53,54,2.0,97.0,77.0,,85.0,1,1.0,1.0
10032,5,1.0,11.1,1,1,,2,80,77,78,2.0,91.0,91.0,,89.0,-999,1.0,0.0
10035,5,1.0,8.95,0.78,3,,2,71,79,54,2.0,109.0,106.0,,109.0,-999,1.0,1.0
10037,5,1.0,10.9,0.83,1,,2,68,67,78,2.0,100.0,85.0,,91.0,-999,1.0,1.0
10039,5,1.0,13.28,0.69,0,,2,47,46,50,2.0,93.0,86.0,,87.0,1,1.0,1.0
10042,5,1.0,10.65,0.91,1,,2,65,59,56,2.0,100.0,115.0,,108.0,-999,1.0,1.0
10044,5,,9.81,0.33,1,,2,-999,-999,-999,2.0,98.0,119.0,,108.0,2,1.0,1.0
10050,5,1.0,17.43,1,1,,2,71,69,75,2.0,119.0,97.0,,109.0,2,1.0,1.0
10051,5,1.0,15.4,0.95,3,,2,55,57,47,2.0,109.0,102.0,,107.0,2,1.0,1.0
10052,5,1.0,16.31,1,0,subthreshold anxiety,2,46,46,43,2.0,83.0,83.0,,81.0,1,1.0,1.0
10053,5,0.0,15.28,-999,0,,2,42,43,44,2.0,99.0,103.0,,101.0,1,1.0,1.0
10056,5,1.0,15.63,0.64,3,LD,2,-999,-999,-999,2.0,-999.0,-999.0,,-999.0,2,1.0,1.0
10057,5,1.0,17.7,0.68,0,,2,40,40,46,2.0,111.0,92.0,,102.0,1,0.0,1.0
10058,5,1.0,14.2,-999,0,,2,44,42,43,2.0,121.0,96.0,,109.0,1,1.0,1.0
10059,5,0.0,17.89,1,0,,2,45,45,55,2.0,127.0,124.0,,128.0,1,1.0,1.0
10054,5,1.0,17.83,-999,0,,2,53,45,49,2.0,-999.0,-999.0,,-999.0,1,1.0,1.0
10055,5,1.0,10.86,0,0,subthreshold ADHD,2,43,40,44,2.0,97.0,88.0,,91.0,1,,
10048,5,1.0,14.95,0.54,1,,2,72,81,61,2.0,120.0,111.0,,118.0,1,1.0,1.0
10060,5,1.0,8.75,0.67,1,Autistic traits,2,76,79,67,2.0,93.0,104.0,,99.0,2,1.0,1.0
10047,5,1.0,12.72,0.91,1,ODD Sx,2,65,68,66,2.0,109.0,131.0,,122.0,2,1.0,1.0
10061,5,1.0,11.41,1,3,Adjustment Disorder with Depressed Mood,2,79,79,68,2.0,99.0,103.0,,101.0,1,0.0,1.0
10062,5,1.0,16.14,1,3,LD,2,70,72,62,2.0,132.0,107.0,,122.0,1,1.0,1.0
10063,5,0.0,15.91,0.38,0,,2,42,45,47,2.0,109.0,99.0,,105.0,1,1.0,1.0
10064,5,1.0,15.9,0.76,1,social anxiety disorder; specific phobia,2,81,81,90,2.0,95.0,107.0,,101.0,2,1.0,1.0
10065,5,0.0,14.19,0.75,0,,2,46,45,44,2.0,91.0,89.0,,88.0,1,1.0,1.0
10066,5,0.0,13.9,-0.2,0,,2,42,47,47,2.0,122.0,106.0,,116.0,1,0.0,1.0
10067,5,1.0,13.1,0.83,3,subthreshold ODD,2,74,67,77,2.0,109.0,118.0,,115.0,2,0.0,0.0
10068,5,1.0,13.3,0.5,0,,2,-999,-999,-999,-999.0,-999.0,-999.0,,-999.0,1,0.0,1.0
10069,5,1.0,16.93,-0.11,0,subthreshold anxiety,2,42,40,43,2.0,120.0,120.0,,124.0,1,1.0,1.0
10119,5,1.0,7.77,1,3,,2,81,79,63,2.0,101.0,88.0,,94.0,1,1.0,0.0
10109,5,0.0,16.08,0.45,1,,2,58,51,74,2.0,122.0,105.0,,115.0,2,1.0,1.0
10110,5,0.0,16.08,0.57,0,,2,47,43,43,2.0,99.0,97.0,,99.0,1,1.0,1.0
10111,5,1.0,7.74,-999,0,,2,41,40,41,2.0,108.0,88.0,,98.0,1,1.0,1.0
10046,5,1.0,9.75,0.95,0,,2,43,44,44,2.0,133.0,109.0,,124.0,1,1.0,1.0
10112,5,1.0,14.79,0.6,0,,2,43,46,43,2.0,116.0,106.0,,112.0,1,1.0,1.0
10107,5,1.0,17.37,0.82,3,dyslexia and dysgraphia,2,68,66,52,2.0,104.0,99.0,,102.0,2,0.0,1.0
10019,5,1.0,14.81,0.65,1,,2,76,78,61,2.0,116.0,119.0,,120.0,-999,1.0,1.0
10077,5,0.0,8.03,0.17,0,,2,42,42,43,2.0,99.0,77.0,,86.0,1,1.0,0.0
10078,5,1.0,8.19,-0.04,1,,2,67,73,54,2.0,113.0,125.0,,121.0,1,1.0,1.0
10079,5,1.0,15.27,0.75,0,,2,50,46,45,2.0,96.0,110.0,,104.0,1,1.0,1.0
10080,5,0.0,17.86,0.58,0,,2,47,47,43,2.0,106.0,103.0,,106.0,1,1.0,1.0
10008,5,0.0,14.48,0.82,0,,2,42,45,47,2.0,113.0,106.0,,111.0,1,1.0,1.0
10014,5,0.0,7.55,0.86,0,,2,42,42,43,2.0,99.0,98.0,,99.0,1,1.0,1.0
10089,5,0.0,14.87,0.81,0,,2,42,43,44,2.0,107.0,106.0,,107.0,1,1.0,1.0
10090,5,1.0,16.32,1,1,,2,77,72,87,2.0,96.0,93.0,,94.0,2,1.0,1.0
10091,5,1.0,8.93,1,1,adjustment disorder with anxiety and depressive mood; possible learning issues,2,77,73,74,2.0,77.0,93.0,,83.0,1,1.0,1.0
10092,5,1.0,17.3,0.9,0,,2,47,51,43,2.0,113.0,104.0,,109.0,1,0.0,1.0
10045,5,1.0,12.49,0.55,0,subthreshold anxiety,2,41,41,43,2.0,109.0,137.0,,126.0,1,1.0,1.0
10093,5,0.0,15.21,0.96,0,,2,42,43,43,2.0,-999.0,-999.0,,-999.0,1,1.0,1.0
10094,5,0.0,15.21,0.55,0,,2,42,43,43,2.0,-999.0,-999.0,,-999.0,1,1.0,1.0
10095,5,1.0,14.39,0.52,1,,2,69,69,86,2.0,81.0,84.0,,81.0,2,1.0,1.0
10096,5,1.0,14.94,0.57,3,Tics,2,70,73,57,2.0,119.0,104.0,,113.0,2,1.0,1.0
10097,5,0.0,14.38,0.91,0,,2,41,41,43,2.0,119.0,120.0,,123.0,1,1.0,1.0
10098,5,1.0,7.6,,1,,2,59,51,65,2.0,101.0,98.0,,100.0,2,,
10099,5,0.0,9.96,0.4,0,,2,57,55,66,2.0,120.0,99.0,,110.0,1,1.0,1.0
10100,5,1.0,16.88,0.42,0,,2,43,44,43,2.0,121.0,123.0,,125.0,1,1.0,1.0
10101,5,1.0,14.2,0.75,1,Past major depressive episode,2,79,81,79,2.0,107.0,79.0,,92.0,1,1.0,1.0
10102,5,1.0,16.55,0.29,0,,2,42,42,43,2.0,88.0,96.0,,91.0,1,1.0,1.0
10108,5,0.0,17.15,0.91,3,,2,68,69,55,2.0,116.0,115.0,,115.0,2,1.0,1.0
10002,5,0.0,13.24,0.52,3,LD,2,66,65,62,2.0,65.0,89.0,,75.0,2,1.0,1.0
10011,5,0.0,9.16,0.52,3,"specific phobia, LD in written expression",2,90,90,80,2.0,102.0,107.0,,106.0,1,0.0,1.0
10113,5,0.0,14.91,0.56,0,,2,59,60,44,2.0,111.0,110.0,,113.0,1,1.0,1.0
10114,5,1.0,16.73,0.52,0,,2,40,40,46,2.0,-999.0,-999.0,,-999.0,1,1.0,1.0
10115,5,1.0,15.32,0.92,3,,2,59,64,49,2.0,98.0,89.0,,93.0,1,1.0,1.0
10006,5,0.0,11.18,0.55,0,,2,44,42,43,2.0,117.0,87.0,,101.0,1,1.0,1.0
10105,5,0.0,7.43,0.21,3,enuresis,2,73,67,69,2.0,95.0,103.0,,99.0,1,,
10024,5,1.0,8.26,0.62,0,,2,40,40,43,2.0,114.0,107.0,,112.0,1,1.0,1.0
10015,5,1.0,11.21,0.86,3,,2,58,58,48,2.0,119.0,133.0,,129.0,2,1.0,0.0
10106,5,1.0,11.82,0.5,3,,2,63,58,54,2.0,106.0,91.0,,99.0,1,0.0,1.0
10116,5,1.0,16.77,0.65,3,,2,61,59,68,2.0,115.0,109.0,,114.0,2,1.0,1.0
10117,5,1.0,9.35,0.74,0,,2,62,55,62,2.0,95.0,103.0,,99.0,1,1.0,1.0
10118,5,1.0,13.33,1,1,,2,65,66,77,2.0,89.0,83.0,,84.0,2,1.0,1.0
10120,5,0.0,17.09,0.83,0,,2,42,45,43,2.0,-999.0,-999.0,,-999.0,1,1.0,1.0
10026,5,1.0,11.73,0.81,1,,2,68,56,76,2.0,132.0,123.0,,131.0,-999,1.0,1.0
10121,5,0.0,14.18,0.74,0,,2,42,43,44,2.0,108.0,124.0,,117.0,1,0.0,1.0
10122,5,1.0,16.28,0.83,0,,2,40,40,46,2.0,122.0,120.0,,125.0,1,1.0,1.0
10123,5,1.0,16.13,0.69,0,,2,81,81,49,2.0,109.0,106.0,,109.0,1,1.0,1.0
10082,5,1.0,11.4,0.73,0,,2,43,44,44,2.0,141.0,133.0,,142.0,1,1.0,1.0
10074,5,1.0,8.06,0.43,1,possible learning issues (reading),2,65,63,80,2.0,92.0,88.0,,88.0,1,1.0,1.0
10075,5,1.0,11.09,0.6,3,,2,60,56,66,2.0,77.0,72.0,,73.0,-999,1.0,1.0
10076,5,0.0,15.95,0.57,0,,2,42,40,43,2.0,118.0,106.0,,113.0,1,0.0,1.0
10103,5,1.0,9.59,0.24,1,some symptoms of Anxiety and irritability,2,63,61,66,2.0,106.0,104.0,,106.0,-999,1.0,1.0
10081,5,0.0,15.81,0.6,3,,2,71,73,47,2.0,-999.0,-999.0,,-999.0,-999,1.0,1.0
10083,5,0.0,14.42,0.75,0,,2,42,45,44,2.0,132.0,124.0,,132.0,1,1.0,1.0
10084,5,0.0,17.96,0.48,0,,2,45,43,47,2.0,113.0,102.0,,108.0,1,1.0,1.0
10085,5,0.0,11.37,0.33,1,,2,99,77,90,2.0,82.0,79.0,,78.0,-999,1.0,1.0
10036,5,0.0,9.45,0.47,0,,2,50,49,60,2.0,86.0,86.0,,84.0,1,1.0,1.0
10086,5,1.0,15.83,0.63,1,,2,73,72,71,2.0,109.0,93.0,,102.0,-999,1.0,1.0
10027,5,1.0,8.28,0.91,1,,2,56,56,59,2.0,100.0,92.0,,96.0,-999,,
10087,5,1.0,17.61,0.47,3,,2,84,86,56,2.0,82.0,108.0,,95.0,-999,1.0,1.0
10025,5,1.0,8.75,0.74,1,,2,71,69,76,2.0,109.0,88.0,,99.0,-999,1.0,1.0
10029,5,0.0,13.09,0.43,1,Disruptive behavior disorder,2,73,60,68,2.0,126.0,121.0,,127.0,-999,1.0,1.0
10017,5,1.0,12.38,0.76,1,,2,77,79,66,2.0,98.0,90.0,,94.0,-999,1.0,1.0
10049,5,1.0,7.35,0.65,1,,2,77,74,78,2.0,115.0,96.0,,106.0,-999,1.0,1.0
10070,5,1.0,10.52,0.46,0,,2,41,40,43,2.0,111.0,97.0,,105.0,1,1.0,1.0
10071,5,1.0,14.09,0.83,3,Prior hx of depressive sx and MDE,2,74,69,72,2.0,80.0,88.0,,83.0,-999,0.0,1.0
10033,5,1.0,10.97,0.36,3,subthreshold anxiety,2,73,77,54,2.0,104.0,97.0,,100.0,-999,1.0,1.0
10072,5,1.0,7.25,0.45,1,past dx of mixed expressive and receptive language problems,2,58,53,50,2.0,108.0,107.0,,109.0,-999,1.0,1.0
10073,5,1.0,14.46,0.45,1,disruptive behavior disorder-NOS; possible math LD,2,68,67,70,2.0,88.0,79.0,,82.0,-999,0.0,1.0
10104,5,1.0,13.35,0.76,3,,2,61,67,48,2.0,127.0,114.0,,123.0,-999,1.0,1.0
10088,5,1.0,14.66,0.91,0,,2,50,48,43,2.0,115.0,132.0,,126.0,1,1.0,1.0
10040,5,1.0,9.94,0.65,1,,2,61,61,60,2.0,141.0,117.0,,133.0,-999,1.0,1.0
10124,5,0.0,14.06,0.62,0,,2,44,43,44,2.0,109.0,119.0,,115.0,1,1.0,1.0
10041,5,1.0,9.22,0.43,2,possible learning disorder,2,62,61,83,2.0,109.0,99.0,,105.0,-999,1.0,1.0
10125,5,1.0,7.19,0.33,0,subthreshold anxietyinterview,2,46,46,45,2.0,120.0,131.0,,129.0,1,1.0,1.0
10007,5,0.0,11.41,0.76,3,,2,77,77,69,2.0,95.0,93.0,,95.0,-999,1.0,1.0
10126,5,1.0,9.7,0.91,1,,2,79,77,85,2.0,83.0,96.0,,88.0,-999,1.0,1.0
10127,5,1.0,8.14,0.04,1,,2,77,79,74,2.0,132.0,121.0,,130.0,-999,,
10128,5,1.0,9.53,0.82,0,,2,56,58,60,2.0,112.0,136.0,,127.0,1,1.0,1.0
10129,5,0.0,8.39,0.38,3,,2,67,71,47,2.0,-999.0,-999.0,,-999.0,1,1.0,1.0
10013,5,1.0,9.55,0.67,1,,2,62,58,58,2.0,106.0,88.0,,97.0,-999,0.0,0.0
10043,5,0.0,8.16,0.36,0,,2,42,42,45,2.0,125.0,99.0,,112.0,1,1.0,1.0
1084283,6,1.0,11.0,1,1,,3,,69,69,2.0,,,,110.0,2,1.0,1.0
1084884,6,0.0,9.42,1,0,enuresis,3,,48,44,2.0,,,,106.0,1,1.0,1.0
1108916,6,1.0,8.5,1,1,ODD,3,,70,85,2.0,,,,116.0,1,1.0,1.0
1206380,6,1.0,9.17,1,3,,3,,63,66,2.0,,,,90.0,1,1.0,1.0
1340333,6,0.0,7.42,1,1,,3,,80,90,2.0,,,,98.0,2,1.0,1.0
1386056,6,1.0,8.0,1,0,,3,,55,45,2.0,,,,134.0,-999,1.0,1.0
1411223,6,1.0,9.17,1,1,enuresis/sleep disorder,3,,79,85,2.0,,,,112.0,1,1.0,1.0
1418396,6,1.0,8.67,1,0,enuresis,3,,51,50,2.0,,,,98.0,1,1.0,1.0
1421489,6,1.0,8.75,1,0,,3,,48,41,2.0,,,,118.0,1,1.0,1.0
1481430,6,1.0,11.92,1,0,,3,,58,53,2.0,,,,116.0,1,1.0,1.0
1502229,6,0.0,8.58,1,0,,3,,45,41,2.0,,,,120.0,1,1.0,1.0
1536593,6,0.0,8.58,1,1,,3,,77,68,2.0,,,,136.0,-999,1.0,1.0
1548937,6,1.0,11.17,1,0,,3,,40,45,2.0,,,,126.0,1,1.0,1.0
1552181,6,0.0,9.83,1,3,,3,,69,48,2.0,,,,126.0,1,1.0,1.0
1647968,6,0.0,11.0,1,0,,3,,44,47,2.0,,,,92.0,-999,0.0,1.0
1664335,6,0.0,9.0,1,0,,3,,42,41,2.0,,,,144.0,1,1.0,1.0
1679142,6,1.0,10.33,1,0,,3,,50,45,2.0,,,,130.0,1,1.0,1.0
1696588,6,0.0,8.75,1,0,,3,,42,41,2.0,,,,104.0,1,1.0,1.0
1743472,6,1.0,8.75,1,1,ODD/R-0 anxiety,3,,79,72,2.0,,,,100.0,1,0.0,0.0
2054310,6,1.0,8.42,1,1,ODD,3,,63,66,2.0,,,,110.0,1,1.0,1.0
2054998,6,0.0,7.33,1,0,,3,,45,48,2.0,,,,108.0,1,1.0,1.0
2071989,6,1.0,8.25,1,1,enuresis,3,,65,66,2.0,,,,132.0,1,1.0,1.0
2124248,6,0.0,9.33,1,0,,3,,45,44,2.0,,,,128.0,1,1.0,1.0
2155356,6,0.0,9.33,1,0,,3,,40,42,2.0,,,,124.0,1,1.0,1.0
2232376,6,0.0,10.33,1,0,,3,,40,42,2.0,,,,110.0,1,1.0,1.0
2232413,6,1.0,9.17,1,0,,3,,41,41,2.0,,,,104.0,1,1.0,1.0
2288903,6,1.0,7.42,1,1,,3,,71,63,2.0,,,,120.0,-999,1.0,1.0
2292940,6,1.0,8.0,1,1,,3,,81,90,2.0,,,,90.0,-999,0.0,0.0
2409220,6,1.0,7.67,1,0,,3,,52,42,2.0,,,,128.0,-999,1.0,1.0
2415970,6,1.0,8.58,1,3,,3,,70,50,2.0,,,,112.0,1,1.0,1.0
2426523,6,0.0,7.92,1,0,,3,,45,51,2.0,,,,120.0,1,1.0,1.0
2427434,6,0.0,8.08,1,0,,3,,42,41,2.0,,,,137.0,1,1.0,1.0
2455205,6,1.0,7.5,1,1,,3,,81,69,2.0,,,,86.0,2,1.0,1.0
2535204,6,1.0,8.42,1,1,,3,,70,76,2.0,,,,116.0,-999,1.0,1.0
2559559,6,1.0,7.92,1,3,enuresis,3,,65,57,2.0,,,,98.0,1,1.0,1.0
2561174,6,1.0,8.67,1,1,,3,,85,90,2.0,,,,98.0,-999,1.0,1.0
2571197,6,1.0,7.67,1,1,,3,,65,75,2.0,,,,102.0,1,1.0,1.0
2578455,6,0.0,9.5,1,0,,3,,62,51,2.0,,,,112.0,1,1.0,1.0
2620872,6,1.0,8.92,1,1,enuresis,3,,73,76,2.0,,,,90.0,2,1.0,1.0
2790141,6,0.0,9.0,1,3,,3,,68,47,2.0,,,,112.0,1,1.0,1.0
2845989,6,0.0,7.67,1,3,,3,,59,54,2.0,,,,102.0,-999,1.0,1.0
2920716,6,1.0,7.5,1,0,,3,,40,40,2.0,,,,120.0,1,0.0,0.0
2929195,6,1.0,9.58,1,2,,3,,70,79,2.0,,,,124.0,1,1.0,1.0
2947936,6,1.0,8.5,1,0,,3,,55,57,2.0,,,,124.0,1,1.0,1.0
2959809,6,0.0,9.08,1,0,,3,,55,50,2.0,,,,100.0,1,1.0,1.0
3048401,6,0.0,11.58,1,0,,3,,40,44,2.0,,,,110.0,1,1.0,1.0
3051944,6,1.0,11.75,1,0,,3,,46,53,2.0,,,,100.0,1,1.0,1.0
3052540,6,1.0,9.17,1,1,,3,,67,60,2.0,,,,114.0,1,1.0,1.0
3162671,6,1.0,8.5,1,0,,3,,54,47,2.0,,,,136.0,1,1.0,1.0
3206978,6,0.0,8.25,1,0,,3,,45,48,2.0,,,,122.0,1,1.0,1.0
3212875,6,0.0,8.67,1,0,,3,,42,41,2.0,,,,134.0,1,1.0,1.0
3244985,6,1.0,7.17,1,0,,3,,40,40,2.0,,,,116.0,1,1.0,1.0
3286474,6,0.0,8.08,1,2,,3,,59,78,2.0,,,,104.0,-999,1.0,1.0
3302025,6,1.0,9.0,1,0,,3,,44,41,2.0,,,,120.0,1,1.0,1.0
3358877,6,0.0,8.5,1,1,,3,,90,90,2.0,,,,108.0,2,1.0,1.0
3466651,6,1.0,8.08,1,1,,3,,84,78,2.0,,,,108.0,1,1.0,1.0
3470141,6,1.0,8.5,1,1,,3,,82,90,2.0,,,,104.0,2,1.0,1.0
3560456,6,0.0,7.83,1,1,,3,,71,63,2.0,,,,126.0,-999,0.0,0.0
3652932,6,1.0,7.67,1,3,ODD,3,,75,54,2.0,,,,86.0,1,1.0,1.0
3677724,6,1.0,8.75,1,3,,3,,63,57,2.0,,,,96.0,1,1.0,1.0
3684229,6,0.0,8.83,1,3,,3,,79,74,2.0,,,,120.0,1,1.0,1.0
3812101,6,0.0,7.83,1,0,,3,,56,75,2.0,,,,104.0,1,1.0,1.0
3848511,6,0.0,8.08,1,0,,3,,45,41,2.0,,,,132.0,1,1.0,1.0
3869075,6,1.0,8.67,1,0,,3,,41,47,2.0,,,,126.0,1,1.0,1.0
3899622,6,0.0,8.25,1,0,,3,,56,41,2.0,,,,112.0,1,1.0,1.0
4016887,6,1.0,9.08,1,1,,3,,70,69,2.0,,,,126.0,1,1.0,1.0
4046678,6,0.0,8.58,1,0,,3,,42,60,2.0,,,,132.0,1,1.0,1.0
4072305,6,0.0,9.25,1,3,,3,,79,54,2.0,,,,106.0,1,1.0,1.0
4103874,6,0.0,7.33,1,0,,3,,52,45,2.0,,,,108.0,1,1.0,1.0
4219416,6,0.0,8.25,1,0,enuresis,3,,52,48,2.0,,,,114.0,1,1.0,1.0
4529116,6,0.0,8.42,1,0,,3,,45,45,2.0,,,,116.0,1,1.0,1.0
5302451,6,1.0,11.33,1,3,,3,,80,70,2.0,,,,114.0,2,1.0,1.0
6592761,6,1.0,7.58,1,0,,3,,40,40,2.0,,,,140.0,1,1.0,1.0
6953386,6,1.0,11.83,1,1,,3,,73,90,2.0,,,,132.0,2,1.0,1.0
7333005,6,1.0,9.0,1,1,,3,,85,76,2.0,,,,108.0,-999,1.0,1.0
8064456,6,0.0,9.25,1,0,,3,,48,47,2.0,,,,118.0,1,1.0,1.0
8218392,6,1.0,8.33,1,0,,3,,59,42,2.0,,,,104.0,1,0.0,1.0
8720244,6,0.0,10.33,1,3,,3,,68,60,2.0,,,,82.0,1,1.0,1.0
9499804,6,1.0,8.17,1,0,,3,,43,42,2.0,,,,126.0,1,0.0,0.0
1056121,1,1.0,13.92,1,0,,1,30,15,15,3.0,126.0,136.0,,135.0,1,1.0,1.0
1113498,1,0.0,14.83,1,0,,1,20,11,9,3.0,125.0,135.0,,133.0,1,1.0,1.0
1133221,1,1.0,12.33,1,1,ODD,1,64,32,32,3.0,116.0,108.0,,113.0,2,1.0,1.0
1139030,1,0.0,11.33,1,0,,1,32,18,14,3.0,90.0,86.0,,87.0,1,1.0,1.0
1186237,1,1.0,13.92,1,3,,1,48,31,17,3.0,112.0,103.0,,109.0,1,1.0,1.0
1240299,1,1.0,9.5,1,1,,1,48,23,25,3.0,95.0,100.0,,97.0,2,1.0,1.0
1258069,1,0.0,9.92,1,0,,1,21,10,11,3.0,113.0,117.0,,117.0,1,1.0,1.0
1282248,1,1.0,10.58,1,3,,1,42,30,12,3.0,125.0,86.0,,108.0,1,1.0,1.0
1302449,1,0.0,8.58,1,0,,1,21,11,10,3.0,126.0,108.0,,120.0,1,1.0,1.0
1391181,1,0.0,9.83,1,0,,1,-999,-999,-999,3.0,125.0,118.0,,124.0,1,1.0,1.0
1408093,1,1.0,11.92,1,0,,1,23,12,11,3.0,140.0,104.0,,126.0,1,1.0,1.0
1469171,1,0.0,11.58,1,0,,1,-999,-999,-999,3.0,134.0,114.0,,128.0,1,1.0,1.0
1561488,1,0.0,10.92,1,3,ODD,1,46,25,21,3.0,83.0,97.0,,88.0,1,1.0,1.0
1686092,1,0.0,9.67,1,0,,1,27,14,13,3.0,112.0,112.0,,113.0,1,1.0,1.0
1689948,1,0.0,11.75,1,0,,1,27,13,14,3.0,132.0,117.0,,128.0,1,1.0,1.0
1791543,1,0.0,9.33,1,3,,1,66,34,32,3.0,130.0,108.0,,123.0,1,1.0,1.0
1805037,1,0.0,10.08,1,0,,1,33,22,11,3.0,101.0,104.0,,103.0,1,1.0,1.0
1875711,1,0.0,9.75,1,0,,1,33,16,17,3.0,109.0,106.0,,109.0,1,1.0,1.0
1879542,1,1.0,13.58,1,0,,1,41,18.5,22.5,3.0,121.0,108.0,,117.0,1,1.0,1.0
1912810,1,0.0,10.33,1,0,,1,-999,-999,-999,3.0,130.0,118.0,,128.0,1,1.0,1.0
1947991,1,1.0,9.42,1,3,tics,1,45,26,19,3.0,82.0,85.0,,81.0,1,1.0,1.0
2081754,1,0.0,12.17,1,0,,1,-999,-999,-999,3.0,130.0,91.0,,113.0,1,1.0,1.0
2106109,1,0.0,9.92,1,0,,1,34,17,17,3.0,129.0,115.0,,125.0,1,1.0,1.0
2123983,1,0.0,11.67,1,0,enuresis and encephalitis,1,33,17,16,3.0,119.0,108.0,,115.0,1,1.0,1.0
2174595,1,1.0,9.83,1,1,ODD,1,68,32,36,3.0,101.0,114.0,,108.0,2,1.0,1.0
2196753,1,1.0,10.33,1,3,,1,44,26,18,3.0,97.0,103.0,,100.0,1,1.0,1.0
2240562,1,0.0,11.83,1,0,,1,20,11,9,3.0,115.0,115.0,,117.0,1,1.0,1.0
2249443,1,0.0,12.0,1,0,,1,32,15,17,3.0,113.0,111.0,,113.0,1,1.0,1.0
2266806,1,1.0,11.25,1,0,,1,21,9,12,3.0,128.0,123.0,,128.0,1,1.0,1.0
2367157,1,1.0,12.08,1,1,,1,67,34,33,3.0,92.0,89.0,,90.0,2,1.0,1.0
2408774,1,0.0,13.08,1,0,,1,22,12,10,3.0,130.0,129.0,,133.0,1,1.0,1.0
2427408,1,0.0,14.08,1,0,,1,24,12,12,3.0,128.0,101.0,,117.0,1,1.0,1.0
2535087,1,1.0,13.33,0,0,,1,27,14,13,3.0,115.0,118.0,,118.0,1,0.0,1.0
2538839,1,0.0,8.92,1,0,,1,29,16,13,3.0,119.0,100.0,,111.0,1,1.0,1.0
2697768,1,0.0,12.58,1,3,,1,44,26,18,3.0,96.0,80.0,,87.0,1,1.0,1.0
2703336,1,0.0,11.5,1,0,,1,25,12,13,3.0,123.0,120.0,,124.0,1,1.0,1.0
2714224,1,0.0,10.0,1,0,,1,24,12,12,3.0,101.0,100.0,,101.0,1,1.0,1.0
2833684,1,1.0,10.42,1,0,,1,36,20,16,3.0,138.0,135.0,,141.0,1,1.0,1.0
2897046,1,0.0,9.17,1,3,,1,-999,-999,-999,3.0,113.0,83.0,,99.0,1,1.0,1.0
2910270,1,1.0,13.83,1,3,"ODD,depression",1,-999,-999,-999,3.0,130.0,120.0,,128.0,2,0.0,1.0
3004580,1,1.0,14.0,1,0,,1,24,14,10,3.0,116.0,97.0,,108.0,1,1.0,1.0
3086074,1,1.0,11.5,1,0,,1,36,20,16,3.0,121.0,124.0,,125.0,1,1.0,1.0
3212536,1,1.0,12.17,1,0,,1,29,16,13,3.0,119.0,114.0,,118.0,1,1.0,1.0
3233028,1,0.0,10.42,1,0,,1,21,12,9,3.0,112.0,115.0,,115.0,1,1.0,1.0
3239413,1,0.0,9.25,1,0,,1,21,12,9,3.0,142.0,104.0,,128.0,1,1.0,1.0
3262042,1,0.0,9.75,1,0,,1,31,15,16,3.0,134.0,139.0,,141.0,1,1.0,1.0
3269608,1,1.0,12.08,1,0,,1,-999,-999,-999,3.0,125.0,114.0,,122.0,1,0.0,1.0
3306863,1,0.0,8.58,1,0,,1,44,22,22,3.0,104.0,114.0,,109.0,1,1.0,1.0
3390312,1,1.0,10.33,1,3,,1,54,29,25,3.0,112.0,54.0,,83.0,1,1.0,1.0
3554582,1,0.0,10.75,1,0,,1,34,19,15,3.0,125.0,132.0,,131.0,1,1.0,1.0
3587000,1,0.0,9.92,1,0,SP,1,27,17,10,3.0,121.0,136.0,,131.0,1,1.0,1.0
3593327,1,1.0,10.0,1,0,,1,25,14,11,3.0,126.0,86.0,,109.0,1,1.0,1.0
3672854,1,0.0,8.42,1,0,,1,38,21,17,3.0,133.0,95.0,,117.0,1,1.0,1.0
3707771,1,1.0,10.42,1,0,,1,27,18,9,3.0,92.0,82.0,,86.0,1,1.0,1.0
3732101,1,0.0,10.42,1,0,,1,43,22,21,3.0,117.0,94.0,,107.0,1,1.0,1.0
3739175,1,0.0,10.83,1,0,,1,25,12,13,3.0,104.0,111.0,,108.0,1,1.0,1.0
3809753,1,0.0,9.08,1,0,,1,36,18,18,3.0,116.0,111.0,,112.0,1,1.0,1.0
3889095,1,1.0,11.92,1,0,,1,28.5,16.5,12,3.0,126.0,108.0,,120.0,1,1.0,1.0
3967265,1,0.0,13.42,1,0,,1,20,9,11,3.0,116.0,118.0,,119.0,1,1.0,1.0
3976121,1,1.0,11.0,1,1,ODD,1,43,24,19,3.0,123.0,94.0,,110.0,1,1.0,1.0
3983607,1,1.0,9.67,1,1,,1,48,25,23,3.0,76.0,103.0,,87.0,1,1.0,1.0
4028266,1,1.0,9.25,1,3,ODD,1,48,27,21,3.0,105.0,91.0,,98.0,1,1.0,1.0
4053836,1,0.0,9.92,1,0,,1,26,12,14,3.0,144.0,132.0,,143.0,1,1.0,1.0
4091983,1,0.0,12.17,1,3,ODD,1,49,29,20,3.0,101.0,94.0,,98.0,1,1.0,1.0
4095748,1,1.0,10.5,1,1,ODD,1,-999,-999,-999,3.0,109.0,101.0,,106.0,2,1.0,1.0
4256491,1,0.0,12.0,1,0,,1,22,12,10,3.0,99.0,112.0,,106.0,1,1.0,1.0
4334113,1,1.0,14.58,1,3,,1,49,25,24,3.0,97.0,101.0,,99.0,2,1.0,1.0
4383707,1,0.0,9.67,1,0,,1,24,12,12,3.0,101.0,103.0,,102.0,1,1.0,1.0
4475709,1,0.0,9.58,1,0,,1,-999,-999,-999,3.0,121.0,114.0,,120.0,1,1.0,1.0
4921428,1,1.0,9.58,1,0,,1,35,15,20,3.0,140.0,126.0,,137.0,1,1.0,1.0
5150328,1,0.0,15.92,1,3,"ODD,CD",1,56,28,28,3.0,90.0,85.0,,86.0,1,1.0,1.0
5193577,1,0.0,9.0,1,3,,1,40,27,13,3.0,86.0,80.0,,81.0,2,1.0,1.0
5600820,1,0.0,11.92,1,0,,1,25,14,11,3.0,121.0,120.0,,123.0,1,1.0,1.0
6187322,1,0.0,9.92,1,0,,1,35,17,18,3.0,107.0,124.0,,117.0,1,1.0,1.0
7093319,1,1.0,11.42,1,0,,1,-999,-999,-999,3.0,130.0,127.0,,132.0,1,1.0,1.0
7135128,1,0.0,13.92,1,0,,1,21,11,10,3.0,100.0,71.0,,85.0,1,1.0,1.0
7390867,1,1.0,17.33,1,3,dysthymia,1,37,28,9,3.0,105.0,104.0,,105.0,1,1.0,1.0
8328877,1,0.0,13.75,1,0,,1,-999,-999,-999,3.0,88.0,77.0,,81.0,1,1.0,1.0
8838009,1,0.0,14.25,1,0,,1,19,10,9,3.0,91.0,111.0,,100.0,1,1.0,1.0
9093997,1,0.0,11.58,1,0,,1,23,14,9,3.0,123.0,111.0,,119.0,1,1.0,1.0
9210521,1,1.0,9.25,1,3,,1,49,30,19,3.0,97.0,89.0,,93.0,2,1.0,1.0
9221927,1,1.0,11.83,1,0,,1,31,15,16,3.0,129.0,120.0,,128.0,1,1.0,1.0
9783279,1,0.0,12.75,1,0,,1,35,17,18,3.0,128.0,126.0,,130.0,1,1.0,1.0
9887336,1,1.0,11.33,1,0,,1,24,13,11,3.0,128.0,135.0,,135.0,1,1.0,1.0
9890726,1,0.0,9.25,1,0,,1,-999,-999,-999,3.0,125.0,103.0,,117.0,1,1.0,1.0
3655623,1,1.0,13.83,1,0,,1,18,9,9,3.0,120.0,123.0,,124.0,1,1.0,1.0
3248920,1,1.0,12.17,1,0,,1,24,14,10,3.0,-999.0,-999.0,,-999.0,1,1.0,1.0
2659769,1,1.0,14.25,1,0,,1,-999,-999,-999,3.0,132.0,111.0,,124.0,1,1.0,1.0
9640133,1,1.0,13.75,1,0,,1,30,18,12,3.0,126.0,123.0,,128.0,1,1.0,1.0
4055710,1,1.0,13.33,1,3,,1,-999,-999,-999,3.0,124.0,139.0,,133.0,1,1.0,1.0
1050975,1,1.0,13.58,1,0,,1,28,17,11,3.0,125.0,135.0,,133.0,1,1.0,1.0
1809715,1,1.0,13.5,1,3,,1,-999,-999,-999,3.0,112.0,95.0,,105.0,1,1.0,1.0
1916266,1,1.0,13.17,1,0,,1,29,20,9,3.0,124.0,109.0,,119.0,1,1.0,1.0
1117299,1,1.0,13.5,1,0,,1,29,19,10,3.0,119.0,124.0,,124.0,1,1.0,1.0
2559537,1,1.0,11.17,1,0,,1,30,13,17,3.0,130.0,123.0,,130.0,1,1.0,1.0
2296326,1,1.0,12.17,1,0,,1,21,12,9,3.0,105.0,97.0,,102.0,1,1.0,1.0
7407032,1,1.0,13.42,1,0,,1,26,16,10,3.0,126.0,111.0,,121.0,1,1.0,1.0
3157406,1,1.0,14.0,1,0,,1,27,16,11,3.0,101.0,103.0,,102.0,1,1.0,1.0
3994098,1,1.0,12.75,1,0,,1,27,16,11,3.0,121.0,104.0,,115.0,1,1.0,1.0
3561920,1,1.0,13.75,1,1,ODD,1,-999,-999,-999,3.0,126.0,114.0,,123.0,1,1.0,1.0
2140063,1,1.0,9.42,1,0,,1,22,13,9,3.0,141.0,124.0,,137.0,1,1.0,1.0
3610134,1,1.0,10.83,1,0,,1,37,14,23,3.0,117.0,85.0,,102.0,1,1.0,1.0
3494778,1,1.0,9.17,1,0,,1,31,14,17,3.0,158.0,135.0,,153.0,1,1.0,1.0
2033178,1,1.0,11.33,1,0,,1,-999,-999,-999,3.0,130.0,127.0,,132.0,1,1.0,1.0
1562298,1,1.0,9.58,1,0,,1,33,14,19,3.0,109.0,115.0,,113.0,1,1.0,1.0
1093743,1,1.0,11.92,1,0,,1,20,11,9,3.0,125.0,120.0,,125.0,1,1.0,1.0
1177160,1,0.0,10.5,1,0,,1,23,13,10,3.0,142.0,124.0,,138.0,1,1.0,1.0
1860323,1,1.0,8.75,1,0,,1,34,14,20,3.0,129.0,127.0,,131.0,1,1.0,1.0
1494102,1,1.0,10.33,1,0,,1,32.5,14.5,18,3.0,137.0,135.0,,140.0,1,1.0,1.0
2498847,1,1.0,9.75,1,0,,1,30,19,11,3.0,120.0,101.0,,113.0,1,1.0,1.0
1875013,1,1.0,9.83,1,0,,1,32,16,16,3.0,120.0,135.0,,130.0,1,1.0,1.0
1068505,1,1.0,10.25,1,0,,1,29,13,16,3.0,111.0,121.0,,117.0,1,1.0,1.0
3993793,1,1.0,10.33,1,0,,1,36,20,16,3.0,128.0,112.0,,123.0,1,1.0,1.0
2310449,1,1.0,10.33,1,0,cyst of left temporal pole,1,33,21,12,3.0,125.0,108.0,,119.0,1,1.0,1.0
3308331,1,1.0,9.08,1,0,,1,25,13,12,3.0,111.0,111.0,,112.0,1,1.0,1.0
4265987,1,1.0,10.08,1,0,,1,31.5,17.5,14,3.0,134.0,109.0,,125.0,1,1.0,1.0
3562883,1,1.0,11.25,1,0,,1,26,13,13,3.0,115.0,104.0,,111.0,1,1.0,1.0
9578631,1,1.0,14.33,1,0,,1,22,12,10,3.0,120.0,111.0,,117.0,1,1.0,1.0
2377207,1,1.0,13.83,1,0,,1,28,17,11,3.0,84.0,106.0,,94.0,1,1.0,1.0
7011503,1,1.0,13.33,1,0,,1,-999,-999,-999,3.0,124.0,114.0,,121.0,1,1.0,1.0
8278680,1,1.0,13.25,1,3,,1,57,32,25,3.0,129.0,96.0,,114.0,1,1.0,1.0
4075719,1,1.0,13.08,1,1,,1,65,35,30,3.0,128.0,95.0,,114.0,1,1.0,1.0
2737106,1,1.0,14.17,1,3,,1,54,30,24,3.0,105.0,83.0,,95.0,1,1.0,1.0
1159908,1,1.0,15.08,1,1,,1,56,31,25,3.0,111.0,126.0,,120.0,1,1.0,1.0
4053388,1,1.0,11.08,1,1,,1,65,32,33,3.0,75.0,101.0,,86.0,2,1.0,1.0
7689953,1,1.0,13.5,1,3,,1,42,26,16,3.0,90.0,92.0,,90.0,1,1.0,1.0
2884672,1,1.0,12.83,1,3,,1,41,26,15,3.0,117.0,100.0,,110.0,1,1.0,1.0
2601519,1,1.0,13.83,1,3,ODD,1,39,24,15,3.0,123.0,92.0,,109.0,2,1.0,1.0
2529026,1,1.0,13.33,1,3,Tics,1,50,28,22,3.0,117.0,86.0,,103.0,1,1.0,1.0
6500128,1,1.0,11.33,0,3,ODD,1,63,32,31,3.0,91.0,101.0,,95.0,2,1.0,1.0
1628610,1,1.0,14.92,1,1,ODD,1,52,30,22,3.0,120.0,114.0,,119.0,2,1.0,1.0
3691107,1,1.0,9.67,1,1,,1,62,35,27,3.0,149.0,88.0,,123.0,2,1.0,1.0
4221029,1,1.0,9.67,1,1,ODD,1,61,33,28,3.0,134.0,127.0,,135.0,2,1.0,1.0
3856956,1,1.0,13.75,1,3,,1,47,26,21,3.0,124.0,106.0,,117.0,1,1.0,1.0
1643780,1,1.0,10.0,1,1,,1,61,30,31,3.0,119.0,103.0,,113.0,1,1.0,1.0
3910672,1,1.0,10.08,1,1,,1,57,30,27,3.0,140.0,97.0,,122.0,2,1.0,1.0
3194757,1,1.0,12.92,1,3,,1,58,31,27,3.0,97.0,92.0,,95.0,2,1.0,1.0
2141250,1,1.0,12.83,1,3,,1,39,25,14,3.0,133.0,119.0,,129.0,2,1.0,1.0
9002207,1,1.0,11.17,0,1,"ODD, social phobia",1,52,24,28,3.0,117.0,111.0,,116.0,1,1.0,1.0
3446674,1,1.0,14.58,1,3,ODD,1,54,28,26,3.0,124.0,98.0,,113.0,1,1.0,1.0
2031422,1,1.0,10.92,1,3,,1,41,28,13,3.0,136.0,109.0,,126.0,2,1.0,1.0
4073815,1,1.0,9.83,1,3,,1,53,28,25,3.0,113.0,112.0,,114.0,2,1.0,1.0
1341865,1,1.0,9.25,1,1,,1,58,31,27,3.0,126.0,100.0,,116.0,2,1.0,1.0
7253183,1,1.0,13.17,1,3,,1,41,25,16,3.0,109.0,95.0,,103.0,1,1.0,1.0
5993008,1,1.0,12.25,1,3,ODD,1,44,29,15,3.0,104.0,91.0,,98.0,2,1.0,1.0
4225073,1,1.0,10.33,1,3,,1,50,29,21,3.0,90.0,91.0,,89.0,1,1.0,1.0
1094669,1,1.0,12.42,1,1,ODD,1,60,32,28,3.0,125.0,92.0,,111.0,1,1.0,1.0
2950754,1,1.0,13.33,1,1,,1,51,22,29,3.0,137.0,109.0,,127.0,1,1.0,1.0
2207418,1,1.0,13.17,1,1,SAD (previous),1,46,27,19,3.0,107.0,87.0,,97.0,2,1.0,1.0
2919220,1,1.0,13.58,1,3,,1,45,28,17,3.0,114.0,106.0,,111.0,2,1.0,1.0
3827352,1,1.0,15.83,1,3,"ODD, Tics, Mood disorder",1,35,20,15,3.0,116.0,112.0,,116.0,2,1.0,1.0
3205761,1,1.0,14.58,1,1,ODD,1,65,30,35,3.0,126.0,80.0,,106.0,2,1.0,1.0
1050345,1,1.0,12.67,1,0,,1,24,12,12,3.0,124.0,127.0,,128.0,1,1.0,1.0
1132854,1,1.0,13.92,1,0,,1,28,15,13,3.0,120.0,126.0,,125.0,1,1.0,1.0
1356553,1,1.0,11.75,1,1,LD,1,56,30,26,3.0,119.0,98.0,,109.0,1,1.0,1.0
1399863,1,1.0,12.83,1,1,"ODD, LD",1,64,29,35,3.0,103.0,85.0,,94.0,1,1.0,1.0
1404738,1,1.0,12.58,1,0,,1,21,9,12,3.0,121.0,115.0,,120.0,1,1.0,1.0
1411536,1,1.0,13.17,1,0,,1,41,24,17,3.0,114.0,106.0,,112.0,1,1.0,1.0
1662160,1,1.0,12.58,1,0,,1,30,21,9,3.0,123.0,88.0,,107.0,1,1.0,1.0
1771270,1,1.0,14.42,1,3,"LD, Tics",1,36,23,13,3.0,84.0,100.0,,91.0,1,1.0,1.0
1794770,1,1.0,11.75,1,0,,1,39,24,15,3.0,87.0,85.0,,84.0,1,1.0,1.0
1843546,1,1.0,14.08,1,3,"ODD, LD",1,-999,-999,-999,3.0,86.0,85.0,,83.0,1,1.0,1.0
2107404,1,1.0,13.08,1,0,,1,31,17,14,3.0,124.0,91.0,,109.0,1,1.0,1.0
2208591,1,1.0,12.5,1,0,,1,23,13,10,3.0,113.0,109.0,,113.0,1,1.0,1.0
2228148,1,1.0,13.75,1,1,"ODD, LD",1,57,33,24,3.0,116.0,117.0,,118.0,1,1.0,1.0
2268253,1,1.0,14.83,1,0,,1,-999,-999,-999,3.0,130.0,112.0,,124.0,1,1.0,1.0
2276801,1,1.0,13.0,1,3,,1,37,24,13,3.0,124.0,92.0,,110.0,1,1.0,1.0
2493190,1,1.0,13.33,1,0,,1,27,13,14,3.0,123.0,110.0,,119.0,1,1.0,1.0
2524687,1,1.0,14.33,1,3,LD,1,46,25,21,3.0,101.0,108.0,,105.0,1,1.0,1.0
2780647,1,1.0,13.58,1,1,"LD, CD",1,47,29,18,3.0,95.0,111.0,,102.0,1,1.0,1.0
2907951,1,1.0,16.0,1,3,"LD, SP1",1,37,20,17,3.0,107.0,98.0,,103.0,1,1.0,1.0
2940712,1,1.0,13.08,1,3,LD,1,36,22,14,3.0,124.0,73.0,,110.0,1,1.0,1.0
2984158,1,1.0,14.17,1,3,LD,1,57,28,29,3.0,99.0,115.0,,107.0,1,1.0,1.0
3224401,1,1.0,12.92,1,0,,1,25,14,11,3.0,117.0,100.0,,110.0,1,1.0,1.0
3277313,1,1.0,12.33,1,0,,1,25,13,12,3.0,97.0,121.0,,109.0,1,1.0,1.0
3291029,1,1.0,14.83,1,3,"LD, DBD-NOS",1,66,36,30,3.0,90.0,86.0,,87.0,1,1.0,1.0
3385520,1,1.0,13.5,1,0,,1,41,25,16,3.0,104.0,123.0,,114.0,1,1.0,1.0
3473830,1,1.0,12.67,1,0,,1,26,14,12,3.0,128.0,121.0,,128.0,1,1.0,1.0
3624598,1,1.0,14.58,1,0,,1,21,9,12,3.0,140.0,121.0,,135.0,1,1.0,1.0
3672300,1,1.0,14.0,1,3,LD,1,51,30,21,3.0,117.0,120.0,,120.0,1,1.0,1.0
3712305,1,1.0,11.0,1,3,"LD, CD, Tics",1,56,28,28,3.0,104.0,101.0,,103.0,1,1.0,1.0
3803759,1,1.0,13.17,1,3,LD,1,51,35,16,3.0,111.0,79.0,,95.0,1,1.0,1.0
3870624,1,1.0,11.0,1,1,,1,50,26,24,3.0,119.0,111.0,,117.0,1,1.0,1.0
3930512,1,1.0,12.58,1,0,,1,25,15,10,3.0,124.0,123.0,,126.0,1,1.0,1.0
4006710,1,1.0,14.0,1,3,"LD, ODD",1,50,29,21,3.0,106.0,83.0,,92.0,1,1.0,1.0
4048810,1,1.0,14.67,1,0,,1,-999,-999,-999,3.0,120.0,109.0,,117.0,1,1.0,1.0
4136226,1,1.0,11.25,1,0,,1,-999,-999,-999,3.0,112.0,118.0,,117.0,1,1.0,1.0
4241194,1,1.0,11.67,1,1,"ODD, LD",1,47,23,24,3.0,123.0,76.0,,101.0,1,1.0,1.0
5575344,1,1.0,13.75,1,0,,1,30,17,13,3.0,116.0,103.0,,111.0,1,1.0,1.0
5669389,1,1.0,13.75,1,0,,1,24,15,9,3.0,120.0,97.0,,110.0,1,1.0,1.0
6383713,1,1.0,11.75,1,1,"LD, Tics",1,61,29,32,3.0,115.0,91.0,,104.0,1,1.0,1.0
6477085,1,1.0,13.0,1,0,,1,25,13,12,3.0,115.0,112.0,,115.0,1,1.0,1.0
7994085,1,1.0,14.92,1,0,,1,38,23,15,3.0,89.0,86.0,,86.0,1,1.0,1.0
8191384,1,1.0,13.42,1,0,,1,21,11,10,3.0,104.0,81.0,,92.0,1,1.0,1.0
16058,7,0.0,17.01,1,0,,,,,,2.0,109.0,129.0,121.0,116.0,,1.0,1.0
16046,7,0.0,14.99,1,0,,,,,,2.0,116.0,129.0,126.0,117.0,,1.0,1.0
16060,7,1.0,17.16,1,0,,,,,,2.0,122.0,119.0,124.0,113.0,,1.0,1.0
16048,7,1.0,15.56,1,0,,,,,,2.0,109.0,102.0,107.0,103.0,,1.0,1.0
16029,7,1.0,13.11,1,0,,,,,,2.0,99.0,99.0,100.0,88.0,,1.0,1.0
16089,7,0.0,20.45,1,0,,,,,,2.0,108.0,125.0,118.0,115.0,,1.0,1.0
16004,7,1.0,10.49,1,0,,,,,,2.0,95.0,105.0,100.0,104.0,,1.0,1.0
16078,7,1.0,18.72,1,0,,,,,,2.0,110.0,119.0,116.0,124.0,,1.0,1.0
16073,7,1.0,18.48,1,0,,,,,,2.0,119.0,126.0,126.0,128.0,,1.0,1.0
16086,7,1.0,18.93,1,0,,,,,,2.0,108.0,102.0,106.0,95.0,,1.0,1.0
16072,7,1.0,18.43,1,0,,,,,,2.0,125.0,103.0,116.0,123.0,,1.0,1.0
16088,7,0.0,19.66,1,0,,,,,,2.0,117.0,118.0,119.0,120.0,,1.0,0.0
16012,7,1.0,11.41,1,0,,,,,,2.0,105.0,118.0,112.0,109.0,,1.0,1.0
16075,7,0.0,18.52,1,0,,,,,,2.0,108.0,99.0,104.0,105.0,,1.0,1.0
16041,7,0.0,14.82,1,0,,,,,,2.0,80.0,107.0,92.0,88.0,,1.0,1.0
16080,7,0.0,18.8,1,0,,,,,,2.0,-999.0,-999.0,-999.0,121.0,,1.0,1.0
16087,7,1.0,18.96,1,0,,,,,,2.0,-999.0,-999.0,-999.0,113.0,,1.0,1.0
16024,7,0.0,12.65,1,0,,,,,,2.0,103.0,109.0,107.0,117.0,,1.0,1.0
16043,7,0.0,14.85,1,0,,,,,,2.0,105.0,115.0,110.0,107.0,,1.0,1.0
16006,7,1.0,10.76,1,0,,,,,,2.0,-999.0,-999.0,-999.0,78.0,,1.0,1.0
16084,7,1.0,18.9,1,0,,,,,,2.0,110.0,118.0,116.0,118.0,,1.0,1.0
16082,7,0.0,18.85,1,0,,,,,,2.0,-999.0,-999.0,-999.0,118.0,,1.0,1.0
16034,7,0.0,13.87,1,0,,,,,,2.0,105.0,114.0,109.0,109.0,,1.0,1.0
16016,7,1.0,11.71,1,0,,,,,,2.0,113.0,119.0,118.0,108.0,,1.0,1.0
16005,7,0.0,10.57,1,0,,,,,,2.0,141.0,127.0,139.0,128.0,,1.0,1.0
16001,7,1.0,10.11,1,0,,,,,,2.0,88.0,131.0,108.0,106.0,,1.0,1.0
16017,7,0.0,11.75,1,0,,,,,,2.0,-999.0,-999.0,-999.0,111.0,,0.0,0.0
16026,7,1.0,12.88,1,0,,,,,,2.0,112.0,93.0,103.0,109.0,,1.0,1.0
16037,7,1.0,14.15,1,0,,,,,,2.0,109.0,129.0,121.0,117.0,,1.0,1.0
16053,7,1.0,15.92,1,0,,,,,,2.0,126.0,116.0,124.0,120.0,,1.0,1.0
16050,7,1.0,15.78,1,0,,,,,,2.0,-999.0,-999.0,-999.0,108.0,,1.0,1.0
16039,7,1.0,14.57,1,0,,,,,,2.0,116.0,100.0,109.0,110.0,,1.0,1.0
16013,7,1.0,11.53,1,0,,,,,,2.0,88.0,126.0,106.0,113.0,,1.0,1.0
16067,7,0.0,17.91,0,0,,,,,,2.0,-999.0,-999.0,-999.0,96.0,,1.0,1.0
16031,7,1.0,13.53,1,0,,,,,,2.0,122.0,116.0,122.0,124.0,,1.0,1.0
16036,7,1.0,13.97,1,0,,,,,,2.0,116.0,92.0,104.0,107.0,,1.0,1.0
16022,7,0.0,12.47,1,0,,,,,,2.0,98.0,114.0,107.0,102.0,,1.0,1.0
16044,7,1.0,14.85,1,0,,,,,,2.0,88.0,81.0,83.0,82.0,,1.0,1.0
16063,7,1.0,17.46,1,0,,,,,,2.0,100.0,111.0,107.0,101.0,,1.0,1.0
16038,7,1.0,14.24,1,0,,,,,,2.0,98.0,107.0,103.0,91.0,,1.0,1.0
16070,7,0.0,18.31,1,0,,,,,,2.0,-999.0,-999.0,-999.0,92.0,,1.0,1.0
16061,7,1.0,17.23,1,0,,,,,,2.0,-999.0,-999.0,-999.0,90.0,,1.0,1.0
16042,7,0.0,14.84,1,0,,,,,,2.0,107.0,115.0,112.0,109.0,,1.0,1.0
16055,7,1.0,16.16,1,0,,,,,,2.0,105.0,109.0,108.0,113.0,,1.0,1.0
16049,7,0.0,15.69,1,0,,,,,,2.0,112.0,96.0,105.0,102.0,,1.0,1.0
16059,7,0.0,17.13,1,0,,,,,,2.0,102.0,119.0,111.0,102.0,,1.0,1.0
16045,7,0.0,14.89,1,0,,,,,,2.0,105.0,116.0,111.0,118.0,,1.0,1.0
16010,7,1.0,11.24,1,0,,,,,,2.0,118.0,131.0,127.0,123.0,,1.0,1.0
16047,7,0.0,15.15,1,0,,,,,,2.0,108.0,109.0,109.0,111.0,,1.0,1.0
16076,7,0.0,18.6,1,0,,,,,,2.0,-999.0,-999.0,-999.0,125.0,,1.0,1.0
16069,7,0.0,18.14,1,0,,,,,,2.0,119.0,118.0,121.0,118.0,,1.0,1.0
16066,7,0.0,17.86,1,0,,,,,,2.0,106.0,105.0,106.0,107.0,,1.0,1.0
16062,7,0.0,17.44,1,0,,,,,,2.0,-999.0,-999.0,-999.0,112.0,,1.0,1.0
16077,7,0.0,18.72,1,0,,,,,,2.0,-999.0,-999.0,-999.0,113.0,,1.0,1.0
16052,7,1.0,15.91,1,0,,,,,,2.0,110.0,116.0,115.0,106.0,,1.0,1.0
16064,7,1.0,17.49,1,0,,,,,,2.0,-999.0,-999.0,-999.0,109.0,,1.0,1.0
16027,7,1.0,12.91,1,0,,,,,,2.0,-999.0,-999.0,-999.0,123.0,,1.0,1.0
16009,7,1.0,11.12,1,0,,,,,,2.0,112.0,109.0,114.0,109.0,,1.0,1.0
16056,7,0.0,16.28,1,0,,,,,,2.0,-999.0,-999.0,-999.0,102.0,,1.0,1.0
16068,7,0.0,17.96,1,0,,,,,,2.0,-999.0,-999.0,-999.0,131.0,,1.0,1.0
16018,7,0.0,12.12,1,0,,,,,,2.0,115.0,103.0,110.0,118.0,,1.0,1.0
16074,7,0.0,18.49,1,0,,,,,,2.0,-999.0,-999.0,-999.0,118.0,,1.0,1.0
16085,7,0.0,18.9,1,0,,,,,,2.0,-999.0,-999.0,-999.0,113.0,,1.0,1.0
16071,7,0.0,18.33,1,0,,,,,,2.0,-999.0,-999.0,-999.0,111.0,,1.0,1.0
16008,7,1.0,11.03,1,0,,,,,,2.0,-999.0,-999.0,-999.0,130.0,,1.0,1.0
16025,7,1.0,12.71,1,0,,,,,,2.0,-999.0,-999.0,-999.0,99.0,,1.0,1.0
16033,7,1.0,13.68,1,0,,,,,,2.0,-999.0,-999.0,-999.0,99.0,,1.0,1.0
16028,7,1.0,13.03,1,0,,,,,,2.0,-999.0,-999.0,-999.0,111.0,,1.0,1.0
16007,7,0.0,10.93,1,0,,,,,,2.0,-999.0,-999.0,-999.0,108.0,,1.0,1.0
16030,7,1.0,13.44,1,0,,,,,,2.0,-999.0,-999.0,-999.0,96.0,,1.0,1.0
16021,7,1.0,12.41,1,0,,,,,,2.0,-999.0,-999.0,-999.0,133.0,,1.0,1.0
16083,7,1.0,18.86,1,0,,,,,,2.0,-999.0,-999.0,-999.0,133.0,,1.0,1.0
16020,7,0.0,12.35,1,0,,,,,,2.0,-999.0,-999.0,-999.0,131.0,,1.0,1.0
16014,7,1.0,11.69,1,0,,,,,,2.0,-999.0,-999.0,-999.0,103.0,,1.0,1.0
16079,7,1.0,18.74,0,0,,,,,,2.0,-999.0,-999.0,-999.0,119.0,,1.0,1.0
16051,7,0.0,15.88,1,0,,,,,,2.0,-999.0,-999.0,-999.0,99.0,,1.0,1.0
16040,7,0.0,14.63,1,0,,,,,,2.0,108.0,117.0,114.0,108.0,,1.0,1.0
16019,7,0.0,12.23,1,0,,,,,,2.0,-999.0,-999.0,-999.0,89.0,,1.0,1.0
16065,7,0.0,17.84,1,0,,,,,,2.0,-999.0,-999.0,-999.0,108.0,,1.0,1.0
16081,7,1.0,18.81,1,0,,,,,,2.0,-999.0,-999.0,-999.0,103.0,,1.0,1.0
16032,7,0.0,13.65,0,0,,,,,,2.0,-999.0,-999.0,-999.0,105.0,,1.0,1.0
16003,7,1.0,10.46,1,0,,,,,,2.0,-999.0,-999.0,-999.0,114.0,,1.0,1.0
16011,7,0.0,11.28,1,0,,,,,,2.0,-999.0,-999.0,-999.0,105.0,,1.0,1.0
16057,7,0.0,16.74,1,0,,,,,,2.0,-999.0,-999.0,-999.0,90.0,,1.0,1.0
16015,7,1.0,11.7,1,0,,,,,,2.0,-999.0,-999.0,-999.0,108.0,,1.0,1.0
16035,7,1.0,13.94,1,0,,,,,,2.0,-999.0,-999.0,-999.0,113.0,,1.0,1.0
16023,7,0.0,12.51,0,0,,,,,,2.0,113.0,105.0,110.0,107.0,,1.0,1.0
16054,7,1.0,16.05,1,0,,,,,,2.0,-999.0,-999.0,-999.0,105.0,,1.0,1.0
16002,7,0.0,10.16,1,0,,,,,,2.0,-999.0,-999.0,-999.0,120.0,,1.0,1.0
15001,8,1.0,9.94,1,0,,,,,,4.0,,,,140.0,,1.0,0.0
15002,8,0.0,7.17,1,0,,,,,,4.0,,,,136.0,,1.0,1.0
15003,8,1.0,9.18,1,0,,,,,,4.0,,,,126.0,,1.0,1.0
15004,8,0.0,7.46,1,0,,,,,,4.0,,,,96.0,,1.0,0.0
15005,8,0.0,21.13,1,0,,,,,,4.0,,,,111.0,,1.0,1.0
15006,8,0.0,21.81,1,0,,,,,,4.0,,,,128.0,,1.0,1.0
15007,8,0.0,21.22,1,0,,,,,,4.0,,,,122.0,,1.0,1.0
15008,8,0.0,8.64,1,0,,,,,,4.0,,,,141.0,,1.0,1.0
15010,8,0.0,7.63,1,0,,,,,,4.0,,,,99.0,,1.0,1.0
15011,8,1.0,7.26,1,0,,,,,,4.0,,,,124.0,,,
15012,8,0.0,8.96,1,0,,,,,,4.0,,,,109.0,,1.0,1.0
15013,8,0.0,7.67,1,0,,,,,,4.0,,,,117.0,,1.0,1.0
15014,8,0.0,7.09,1,0,,,,,,4.0,,,,121.0,,1.0,1.0
15015,8,0.0,8.1,1,0,,,,,,4.0,,,,109.0,,1.0,1.0
15016,8,1.0,8.3,1,0,,,,,,4.0,,,,96.0,,1.0,0.0
15017,8,1.0,8.02,1,0,,,,,,4.0,,,,98.0,,1.0,1.0
15018,8,0.0,8.05,1,0,,,,,,4.0,,,,112.0,,,
15019,8,1.0,8.28,1,0,,,,,,4.0,,,,132.0,,1.0,0.0
15020,8,0.0,8.41,1,0,,,,,,4.0,,,,139.0,,1.0,1.0
15021,8,0.0,7.52,1,0,,,,,,4.0,,,,86.0,,1.0,1.0
15022,8,1.0,9.17,1,0,,,,,,4.0,,,,118.0,,1.0,1.0
15023,8,0.0,7.77,1,0,,,,,,4.0,,,,119.0,,1.0,1.0
15024,8,1.0,7.25,1,0,,,,,,4.0,,,,136.0,,1.0,1.0
15025,8,0.0,7.75,1,0,,,,,,4.0,,,,114.0,,1.0,1.0
15026,8,0.0,10.11,1,0,,,,,,4.0,,,,113.0,,0.0,0.0
15027,8,0.0,14.89,1,0,,,,,,4.0,,,,123.0,,1.0,0.0
15028,8,1.0,9.23,1,0,,,,,,4.0,,,,121.0,,1.0,1.0
15029,8,1.0,11.24,1,0,,,,,,4.0,,,,101.0,,1.0,1.0
15030,8,1.0,14.45,1,0,,,,,,4.0,,,,114.0,,1.0,1.0
15031,8,1.0,12.35,1,0,,,,,,4.0,,,,120.0,,1.0,1.0
15032,8,1.0,10.9,1,0,,,,,,4.0,,,,128.0,,1.0,0.0
15033,8,0.0,11.96,1,0,,,,,,4.0,,,,134.0,,1.0,0.0
15034,8,1.0,10.28,1,0,,,,,,4.0,,,,133.0,,1.0,1.0
15035,8,1.0,11.17,1,0,,,,,,4.0,,,,121.0,,1.0,1.0
15036,8,0.0,12.77,1,0,,,,,,4.0,,,,109.0,,0.0,0.0
15037,8,0.0,14.43,1,0,,,,,,4.0,,,,107.0,,1.0,1.0
15038,8,1.0,12.38,1,0,,,,,,4.0,,,,128.0,,0.0,0.0
15039,8,0.0,14.25,1,0,,,,,,4.0,,,,86.0,,1.0,1.0
15040,8,1.0,15.0,1,0,,,,,,4.0,,,,123.0,,1.0,1.0
15041,8,1.0,14.73,1,0,,,,,,4.0,,,,115.0,,1.0,1.0
15042,8,1.0,13.66,1,0,,,,,,4.0,,,,107.0,,0.0,1.0
15043,8,1.0,14.56,1,0,,,,,,4.0,,,,125.0,,1.0,1.0
15044,8,1.0,10.35,1,0,,,,,,4.0,,,,97.0,,1.0,1.0
15045,8,1.0,13.18,1,0,,,,,,4.0,,,,107.0,,1.0,1.0
15046,8,1.0,9.63,1,0,,,,,,4.0,,,,104.0,,1.0,1.0
15047,8,1.0,13.07,1,0,,,,,,4.0,,,,126.0,,1.0,1.0
15048,8,1.0,11.62,1,0,,,,,,4.0,,,,106.0,,0.0,1.0
15049,8,1.0,9.98,1,0,,,,,,4.0,,,,139.0,,1.0,1.0
15050,8,0.0,11.43,1,0,,,,,,4.0,,,,103.0,,1.0,1.0
15051,8,1.0,8.16,1,0,,,,,,4.0,,,,89.0,,1.0,1.0
15052,8,1.0,21.83,1,0,,,,,,4.0,,,,127.0,,1.0,0.0
15053,8,0.0,15.29,1,0,,,,,,4.0,,,,101.0,,1.0,1.0
15054,8,0.0,13.47,1,0,,,,,,4.0,,,,117.0,,1.0,1.0
15055,8,0.0,9.2,1,0,,,,,,4.0,,,,129.0,,1.0,1.0
15056,8,1.0,10.97,1,0,,,,,,4.0,,,,118.0,,1.0,1.0
15057,8,1.0,21.24,1,0,,,,,,4.0,,,,122.0,,1.0,0.0
15058,8,0.0,14.08,1,0,,,,,,4.0,,,,115.0,,1.0,1.0
15059,8,0.0,9.05,1,0,,,,,,4.0,,,,103.0,,1.0,1.0
15060,8,1.0,9.76,1,0,,,,,,4.0,,,,137.0,,1.0,1.0
15061,8,1.0,12.04,1,0,,,,,,4.0,,,,98.0,,1.0,1.0
15062,8,1.0,12.88,1,0,,,,,,4.0,,,,108.0,,1.0,1.0
1038415,1,1.0,14.92,1,3,ODD,1,52,34,18,3.0,109.0,103.0,-999.0,107.0,1,0.0,0.0
1201251,1,1.0,12.33,1,3,,1,49,28,21,3.0,115.0,103.0,-999.0,110.0,2,1.0,1.0
1245758,1,0.0,8.58,1,0,,1,35,20,15,3.0,121.0,88.0,-999.0,106.0,1,1.0,1.0
1253411,1,1.0,8.08,1,0,,1,35,19,16,3.0,119.0,106.0,-999.0,114.0,1,1.0,1.0
1419103,1,0.0,9.92,1,0,,1,41,22,19,3.0,124.0,76.0,-999.0,102.0,1,1.0,1.0
1517058,1,1.0,9.75,1,0,,1,36,20,16,3.0,141.0,138.0,-999.0,144.0,1,1.0,1.0
1581470,1,1.0,8.83,1,0,,1,41,26,15,3.0,111.0,123.0,-999.0,118.0,1,1.0,1.0
1784368,1,1.0,8.92,1,3,,1,36,20,16,3.0,136.0,89.0,-999.0,116.0,1,1.0,1.0
1849382,1,1.0,11.67,1,0,enuresis,1,35,17,18,3.0,140.0,114.0,-999.0,131.0,1,1.0,1.0
1854691,1,0.0,8.83,1,0,,1,34,23,11,3.0,117.0,108.0,-999.0,114.0,1,1.0,1.0
1883688,1,0.0,9.08,1,3,,1,45,10,35,3.0,112.0,83.0,-999.0,98.0,1,0.0,1.0
1951511,1,0.0,11.92,1,0,,1,25,15,10,3.0,126.0,111.0,-999.0,121.0,1,1.0,1.0
1985430,1,0.0,11.92,1,0,,1,35,19,16,3.0,146.0,124.0,-999.0,140.0,1,1.0,1.0
2024999,1,1.0,10.33,1,1,ODD,1,49,31,18,3.0,117.0,98.0,-999.0,109.0,1,1.0,1.0
2051479,1,0.0,13.75,1,0,,1,44,23,21,3.0,109.0,104.0,-999.0,108.0,1,1.0,1.0
2101067,1,0.0,15.17,1,0,,1,28,19,9,3.0,117.0,98.0,-999.0,109.0,1,1.0,1.0
2275786,1,1.0,9.5,1,0,,1,36.5,16,20.5,3.0,112.0,108.0,-999.0,111.0,1,1.0,1.0
2342030,1,0.0,10.17,1,0,,1,31,18,13,3.0,111.0,120.0,-999.0,117.0,1,1.0,1.0
2380326,1,0.0,9.58,1,3,TS,1,39.5,25.5,14,3.0,103.0,100.0,-999.0,102.0,1,1.0,1.0
2380967,1,1.0,10.0,1,3,,1,47,31,16,3.0,109.0,115.0,-999.0,113.0,1,1.0,1.0
2411995,1,1.0,9.75,1,0,,1,21,10,11,3.0,107.0,94.0,-999.0,101.0,1,1.0,1.0
2443191,1,1.0,8.92,1,0,,1,36,18,18,3.0,99.0,71.0,-999.0,84.0,1,1.0,1.0
2488729,1,0.0,13.75,1,0,,1,23,11,12,3.0,113.0,103.0,-999.0,109.0,1,1.0,1.0
2505328,1,0.0,8.83,1,3,,1,41,32,9,3.0,83.0,85.0,-999.0,82.0,1,1.0,1.0
2511886,1,1.0,8.33,1,0,,1,46,26,20,3.0,133.0,115.0,-999.0,128.0,1,1.0,1.0
2528407,1,1.0,8.92,1,0,,1,33,17,16,3.0,141.0,100.0,-999.0,124.0,1,1.0,1.0
2591713,1,1.0,10.0,1,0,,1,40,21,19,3.0,134.0,115.0,-999.0,128.0,1,1.0,1.0
2599965,1,1.0,14.0,1,1,ODD,1,55,26,29,3.0,101.0,94.0,-999.0,98.0,1,1.0,1.0
2628237,1,0.0,13.0,1,3,ODD,1,57,33,24,3.0,90.0,106.0,-999.0,97.0,1,1.0,1.0
2872641,1,0.0,8.5,1,0,,1,31,22,9,3.0,109.0,120.0,-999.0,116.0,1,1.0,1.0
3107623,1,0.0,11.92,1,0,,1,31,15,16,3.0,121.0,114.0,-999.0,120.0,1,1.0,1.0
3124419,1,1.0,8.75,1,1,,1,46,24,22,3.0,128.0,85.0,-999.0,109.0,1,1.0,1.0
3169448,1,1.0,11.0,1,3,,1,44,23,21,3.0,104.0,111.0,-999.0,108.0,1,1.0,1.0
3313497,1,1.0,9.33,1,1,TS,1,52,28,24,3.0,111.0,109.0,-999.0,111.0,2,1.0,1.0
3320367,1,1.0,10.67,1,0,,1,32,18,14,3.0,126.0,109.0,-999.0,120.0,1,1.0,1.0
3348989,1,0.0,8.33,1,0,,1,29,18,11,3.0,126.0,97.0,-999.0,114.0,1,1.0,1.0
3378296,1,1.0,9.83,1,1,ODD,1,59,28,31,3.0,141.0,112.0,-999.0,131.0,2,1.0,1.0
3407871,1,1.0,13.33,1,3,,1,38,24,14,3.0,100.0,98.0,-999.0,99.0,1,1.0,1.0
3504058,1,1.0,13.17,1,3,TS,1,47,30,17,3.0,115.0,100.0,-999.0,109.0,1,1.0,1.0
3520880,1,1.0,9.83,1,1,,1,54,29,25,3.0,140.0,135.0,-999.0,142.0,1,1.0,1.0
3559087,1,1.0,12.58,1,2,,1,46,20,26,3.0,108.0,104.0,-999.0,107.0,1,1.0,1.0
3605062,1,0.0,8.58,1,0,,1,40,17,23,3.0,130.0,100.0,-999.0,118.0,1,1.0,1.0
3767334,1,1.0,8.33,1,3,,1,51,26,25,3.0,112.0,104.0,-999.0,109.0,1,1.0,1.0
3834703,1,1.0,12.92,1,1,,1,42,24,18,3.0,112.0,101.0,-999.0,108.0,1,1.0,1.0
4125514,1,1.0,9.17,L,0,,1,30,15,15,3.0,136.0,100.0,-999.0,121.0,1,1.0,1.0
6550938,1,1.0,11.5,1,0,,1,34,17,17,3.0,146.0,112.0,-999.0,134.0,1,1.0,1.0
7591533,1,1.0,12.42,1,1,ODD,1,56,34,22,3.0,97.0,76.0,-999.0,86.0,1,1.0,1.0
7947495,1,0.0,9.17,1,0,,1,-999,-999,-999,3.0,113.0,111.0,-999.0,113.0,1,1.0,1.0
8463326,1,0.0,12.67,1,3,ODD,1,58,32,36,3.0,108.0,94.0,-999.0,102.0,2,1.0,0.0
9190596,1,1.0,12.5,1,3,,1,49,25,24,3.0,134.0,114.0,-999.0,128.0,2,1.0,1.0
9744150,1,1.0,9.5,1,1,,1,50,27,23,3.0,117.0,104.0,-999.0,113.0,1,1.0,1.0
26001,2,1.0,16.92,1,pending,pending,pending,pending,pending,pending,,133.0,104.0,,120.0,pending,1.0,1.0
26002,2,1.0,15.68,1,pending,pending,pending,pending,pending,pending,,106.0,106.0,,107.0,pending,1.0,1.0
26004,2,0.0,14.99,1,pending,pending,pending,pending,pending,pending,,119.0,123.0,,125.0,pending,1.0,1.0
26005,2,0.0,15.16,1,pending,pending,pending,pending,pending,pending,,116.0,131.0,,126.0,pending,1.0,1.0
26009,2,1.0,16.91,0,pending,pending,pending,pending,pending,pending,,113.0,81.0,,97.0,pending,1.0,1.0
26014,2,0.0,16.21,1,pending,pending,pending,pending,pending,pending,,101.0,102.0,,102.0,pending,1.0,1.0
26015,2,0.0,15.2,1,pending,pending,pending,pending,pending,pending,,127.0,98.0,,113.0,pending,1.0,1.0
26016,2,1.0,16.07,1,pending,pending,pending,pending,pending,pending,,120.0,96.0,,109.0,pending,1.0,1.0
26017,2,0.0,14.56,1,pending,pending,pending,pending,pending,pending,,95.0,87.0,,89.0,pending,1.0,1.0
26022,2,1.0,17.83,1,pending,pending,pending,pending,pending,pending,,105.0,111.0,,109.0,pending,1.0,1.0
26024,2,0.0,17.77,1,pending,pending,pending,pending,pending,pending,,89.0,83.0,,85.0,pending,1.0,1.0
26027,2,0.0,11.28,1,pending,pending,pending,pending,pending,pending,,108.0,103.0,,106.0,pending,1.0,1.0
26030,2,0.0,14.51,1,pending,pending,pending,pending,pending,pending,,121.0,119.0,,123.0,pending,0.0,1.0
26039,2,0.0,14.19,1,pending,pending,pending,pending,pending,pending,,125.0,117.0,,124.0,pending,1.0,1.0
26040,2,0.0,13.67,1,pending,pending,pending,pending,pending,pending,,111.0,93.0,,102.0,pending,1.0,1.0
26041,2,0.0,13.68,1,pending,pending,pending,pending,pending,pending,,129.0,120.0,,128.0,pending,1.0,1.0
26042,2,0.0,13.82,1,pending,pending,pending,pending,pending,pending,,106.0,110.0,,109.0,pending,1.0,1.0
26043,2,0.0,11.6,1,pending,pending,pending,pending,pending,pending,,125.0,127.0,,129.0,pending,1.0,1.0
26044,2,0.0,9.32,1,pending,pending,pending,pending,pending,pending,,119.0,93.0,,107.0,pending,1.0,1.0
26045,2,1.0,14.67,1,pending,pending,pending,pending,pending,pending,,109.0,109.0,,111.0,pending,1.0,1.0
26050,2,0.0,8.5,1,pending,pending,pending,pending,pending,pending,,121.0,116.0,,121.0,pending,1.0,1.0
26052,2,0.0,17.87,1,pending,pending,pending,pending,pending,pending,,111.0,109.0,,112.0,pending,1.0,1.0
26053,2,1.0,15.79,1,pending,pending,pending,pending,pending,pending,,123.0,111.0,,120.0,pending,1.0,1.0
26054,2,0.0,12.02,1,pending,pending,pending,pending,pending,pending,,136.0,109.0,,125.0,pending,1.0,1.0
26055,2,1.0,17.74,1,pending,pending,pending,pending,pending,pending,,109.0,119.0,,116.0,pending,1.0,1.0
26057,2,1.0,12.0,1,pending,pending,pending,pending,pending,pending,,114.0,110.0,,114.0,pending,1.0,1.0
20001,3,1.0,10.09,1,0,,,,,,1.0,104.0,117.0,,108.0,,1.0,1.0
20002,3,0.0,10.97,1,0,,,,,,1.0,112.0,112.0,,111.0,,1.0,1.0
20003,3,1.0,9.47,0,0,,,,,,1.0,128.0,117.0,,120.0,,1.0,1.0
20008,3,1.0,8.32,1,1,,,,,,1.0,102.0,117.0,,104.0,,1.0,1.0
20010,3,1.0,8.39,1,1,,,,,,1.0,119.0,143.0,,126.0,,1.0,1.0
20014,3,1.0,10.63,1,0,,,,,,1.0,116.0,115.0,,116.0,,1.0,1.0
20015,3,1.0,8.39,1,0,,,,,,1.0,130.0,121.0,,125.0,,1.0,1.0
20016,3,1.0,11.32,1,0,,,,,,1.0,106.0,115.0,,114.0,,1.0,1.0
20017,3,1.0,9.5,1,1,,,,,,1.0,104.0,100.0,,102.0,,0.0,1.0
20021,3,1.0,11.82,0,0,,,,,,1.0,110.0,112.0,,109.0,,0.0,1.0
20022,3,1.0,11.77,1,0,,,,,,1.0,121.0,112.0,,117.0,,0.0,1.0
27000,4,0.0,20.9,1,0,,,,,,5.0,,,91.0,,,1.0,1.0
27003,4,1.0,17.54,0,1,,,,,,5.0,,,106.0,,,1.0,1.0
27004,4,1.0,14.24,0,1,,,,,,5.0,,,91.0,,,1.0,1.0
27005,4,0.0,18.65,0,0,,,,,,5.0,,,87.0,,,1.0,1.0
27007,4,1.0,16.92,1,1,,,,,,5.0,,,91.0,,,1.0,1.0
27008,4,1.0,25.04,1,0,,,,,,5.0,,,78.0,,,1.0,1.0
27010,4,0.0,16.45,1,0,,,,,,5.0,,,116.0,,,1.0,1.0
27011,4,1.0,20.82,1,1,,,,,,5.0,,,128.0,,,1.0,1.0
27012,4,0.0,14.05,,0,,,,,,5.0,,,,,,1.0,1.0
27015,4,0.0,20.34,1,0,,,,,,5.0,,,106.0,,,1.0,1.0
27016,4,0.0,20.31,1,0,,,,,,5.0,,,128.0,,,1.0,1.0
27017,4,0.0,26.31,1,0,,,,,,5.0,,,103.0,,,1.0,1.0
27018,4,1.0,19.08,,1,,,,,,5.0,,,113.0,,,1.0,1.0
27020,4,0.0,23.59,1,0,,,,,,5.0,,,97.0,,,1.0,1.0
27021,4,0.0,20.02,1,0,,,,,,5.0,,,109.0,,,1.0,1.0
27022,4,0.0,16.65,1,0,,,,,,5.0,,,109.0,,,1.0,1.0
27023,4,1.0,18.08,1,1,,,,,,5.0,,,81.0,,,1.0,1.0
27024,4,0.0,20.67,1,0,,,,,,5.0,,,100.0,,,1.0,1.0
27025,4,0.0,21.53,1,0,,,,,,5.0,,,106.0,,,1.0,1.0
27026,4,0.0,20.55,1,0,,,,,,5.0,,,78.0,,,1.0,1.0
27028,4,1.0,14.94,1,1,,,,,,5.0,,,82.0,,,0.0,1.0
27034,4,1.0,13.35,1,1,,,,,,5.0,,,97.0,,,1.0,1.0
27037,4,1.0,17.74,1,1,,,,,,5.0,,,78.0,,,1.0,1.0
27040,4,1.0,17.18,1,1,,,,,,5.0,,,84.0,,,1.0,1.0
27042,4,1.0,16.72,1,1,,,,,,5.0,,,75.0,,,1.0,1.0
21002,5,1.0,11.72,1,1,,,70,70,56,2.0,105.0,89.0,,97.0,,1.0,1.0
21003,5,0.0,9.11,0.18,3,,,87,77,90,2.0,111.0,119.0,,117.0,,1.0,1.0
21005,5,1.0,11.03,0.44,0,,,42,41,43,2.0,105.0,107.0,,107.0,,1.0,1.0
21006,5,1.0,9.81,0.5,1,,,73,71,76,2.0,106.0,108.0,,108.0,,1.0,1.0
21007,5,1.0,10.52,0.91,0,,,45,46,45,2.0,102.0,119.0,,111.0,,1.0,1.0
21008,5,1.0,11.28,0.15,1,,,68,72,56,2.0,,,,,,1.0,1.0
21009,5,0.0,11.65,0.82,1,,,77,77,86,2.0,104.0,109.0,,107.0,,1.0,1.0
21010,5,1.0,15.69,0.75,3,,,68,64,64,2.0,110.0,89.0,,100.0,,1.0,1.0
21013,5,1.0,7.51,-0.61,1,,,64,60,63,2.0,103.0,103.0,,103.0,,1.0,1.0
21014,5,1.0,15.93,0.33,1,,,70,69,70,2.0,109.0,70.0,,87.0,,0.0,0.0
21015,5,1.0,9.3,1,1,,,78,79,78,2.0,116.0,122.0,,119.0,,0.0,1.0
21016,5,1.0,16.55,0.81,0,,,47,45,48,2.0,114.0,109.0,,113.0,,1.0,1.0
21017,5,0.0,11.11,0.22,3,,,69,77,47,2.0,98.0,101.0,,100.0,,1.0,1.0
21018,5,1.0,11.73,0.44,0,,,,,,2.0,113.0,116.0,,116.0,,1.0,1.0
21019,5,1.0,15.53,0.73,0,,,40,45,43,2.0,112.0,99.0,,107.0,,0.0,1.0
21020,5,0.0,15.42,0.91,0,,,43,53,43,2.0,108.0,67.0,,85.0,,1.0,1.0
21021,5,1.0,15.03,0.72,3,,,,,,2.0,116.0,109.0,,115.0,,1.0,1.0
21022,5,0.0,9.62,0.55,1,,,90,90,75,2.0,105.0,92.0,,99.0,,1.0,1.0
21023,5,1.0,8.11,0.81,1,,,69,69,66,2.0,115.0,114.0,,116.0,,1.0,1.0
21024,5,0.0,8.5,0.53,0,,,48,51,48,2.0,131.0,133.0,,136.0,,1.0,1.0
21025,5,1.0,8.92,0.68,3,,,65,66,55,2.0,87.0,79.0,,81.0,,1.0,1.0
21026,5,1.0,7.49,0.61,1,,,71,73,66,2.0,105.0,127.0,,116.0,,1.0,1.0
21027,5,0.0,10.43,0.28,3,,,79,83,65,2.0,119.0,118.0,,120.0,,1.0,1.0
21028,5,0.0,8.52,0.68,0,,,59,59,52,2.0,132.0,120.0,,129.0,,1.0,1.0
21029,5,1.0,10.73,-0.31,0,,,49,56,47,2.0,120.0,117.0,,121.0,,0.0,1.0
21030,5,1.0,10.74,0.2,1,,,77,82,56,2.0,110.0,100.0,,,,1.0,1.0
21031,5,0.0,7.35,1,1,,,86,90,71,2.0,115.0,97.0,,107.0,,1.0,1.0
21032,5,0.0,8.84,0.81,1,,,63,65,75,2.0,138.0,101.0,,120.0,,1.0,1.0
21033,5,0.0,8.08,0.5,1,,,,,,2.0,111.0,105.0,,109.0,,1.0,1.0
21034,5,1.0,13.18,0.72,0,,,,,,2.0,95.0,106.0,,101.0,,1.0,1.0
21035,5,1.0,13.65,1,1,,,81,77,75,2.0,118.0,103.0,,112.0,,1.0,1.0
21036,5,1.0,12.55,0.69,1,,,82,78,90,2.0,80.0,78.0,,77.0,,1.0,1.0
21037,5,1.0,13.63,0.75,3,,,70,77,70,2.0,119.0,114.0,,119.0,,0.0,0.0
21038,5,1.0,7.26,0.61,0,,,51,56,50,2.0,127.0,108.0,,119.0,,1.0,1.0
21039,5,1.0,7.56,0.36,1,,,60,76,61,2.0,101.0,79.0,,88.0,,1.0,1.0
21040,5,1.0,7.62,0.91,1,,,77,70,90,2.0,99.0,102.0,,100.0,,1.0,1.0
21041,5,0.0,12.1,0.48,0,,,42,43,47,2.0,119.0,119.0,,123.0,,1.0,1.0
21042,5,1.0,9.42,1,1,,,75,79,70,2.0,94.0,72.0,,81.0,,1.0,1.0
21043,5,0.0,9.17,0.72,1,,,90,90,90,2.0,88.0,80.0,,83.0,,1.0,1.0
21044,5,1.0,7.74,0.91,1,,,77,81,83,2.0,89.0,93.0,,89.0,,0.0,0.0
21046,5,1.0,9.61,0.22,1,,,75,77,72,2.0,104.0,117.0,,111.0,,1.0,0.0
23000,6,0.0,10.42,1,1,,,,,,2.0,,,,104.0,,1.0,1.0
23001,6,1.0,9.33,1,0,,,,,,2.0,,,,96.0,,1.0,1.0
23002,6,1.0,10.67,1,1,,,,,,2.0,,,,136.0,,1.0,1.0
23003,6,1.0,7.67,1,2,,,,,,2.0,,,,126.0,,1.0,1.0
23004,6,1.0,9.33,1,1,,,,,,2.0,,,,103.8,,1.0,1.0
23005,6,1.0,11.75,1,0,,,,,,2.0,,,,104.0,,1.0,1.0
23006,6,0.0,9.25,1,0,,,,,,2.0,,,,114.0,,1.0,1.0
23007,6,1.0,11.08,1,3,,,,,,2.0,,,,112.0,,1.0,1.0
23008,6,1.0,9.17,1,0,,,,,,2.0,,,,112.0,,1.0,1.0
23010,6,0.0,7.67,1,0,,,,,,2.0,,,,118.0,,1.0,1.0
23011,6,1.0,8.92,1,0,,,,,,2.0,,,,104.0,,1.0,1.0
23012,6,0.0,11.33,1,1,,,,,,2.0,,,,120.0,,1.0,1.0
23013,6,1.0,10.58,1,0,,,,,,2.0,,,,94.0,,1.0,1.0
23016,6,0.0,10.25,1,0,,,,,,2.0,,,,143.7,,1.0,1.0
23017,6,0.0,12.5,1,0,,,,,,2.0,,,,112.0,,1.0,1.0
23018,6,0.0,9.5,1,0,,,,,,2.0,,,,100.0,,1.0,1.0
23019,6,0.0,8.08,1,0,,,,,,2.0,,,,132.0,,1.0,1.0
23020,6,1.0,11.0,1,0,,,,,,2.0,,,,122.0,,1.0,1.0
23024,6,0.0,9.58,1,0,,,,,,2.0,,,,98.0,,0.0,0.0
23025,6,0.0,8.33,1,0,,,,,,2.0,,,,98.0,,1.0,1.0
23026,6,0.0,8.33,1,0,,,,,,2.0,,,,106.0,,1.0,1.0
23027,6,1.0,11.58,1,0,,,,,,2.0,,,,100.0,,1.0,1.0
23028,6,0.0,9.92,1,0,,,,,,2.0,,,,117.1,,0.0,1.0
23030,6,1.0,8.5,1,0,,,,,,2.0,,,,120.0,,1.0,1.0
23031,6,1.0,11.92,1,0,,,,,,2.0,,,,126.0,,1.0,1.0
23033,6,0.0,8.5,1,0,,,,,,2.0,,,,120.0,,1.0,1.0
23035,6,1.0,9.75,1,0,,,,,,2.0,,,,105.7,,1.0,1.0
23036,6,0.0,9.75,1,0,,,,,,2.0,,,,128.0,,1.0,1.0
23037,6,1.0,9.42,1,0,,,,,,2.0,,,,108.0,,1.0,1.0
23038,6,1.0,9.33,1,0,,,,,,2.0,,,,124.0,,1.0,1.0
23039,6,1.0,11.17,1,0,,,,,,2.0,,,,114.0,,1.0,1.0
23040,6,0.0,7.5,1,0,,,,,,2.0,,,,126.0,,1.0,1.0
23041,6,0.0,9.92,1,0,,,,,,2.0,,,,128.5,,1.0,1.0
23042,6,0.0,8.08,1,0,,,,,,2.0,,,,98.0,,1.0,1.0
25000,7,1.0,15.29,1,0,,,,,,2.0,110.0,106.0,,109.0,1,1.0,1.0
25001,7,0.0,14.53,1,0,,,,,,2.0,93.0,86.0,,87.0,1,1.0,1.0
25002,7,1.0,17.03,1,3,,,,,,2.0,99.0,107.0,,104.0,1,1.0,1.0
25003,7,1.0,14.4,1,0,,,,,,2.0,116.0,101.0,,109.0,1,0.0,0.0
25008,7,1.0,15.9,1,3,,,,,,2.0,127.0,105.0,,117.0,2,1.0,1.0
25009,7,1.0,13.87,1,0,,,,,,2.0,135.0,119.0,,130.0,1,1.0,1.0
25012,7,0.0,15.04,1,3,,,,,,2.0,95.0,88.0,,90.0,2,1.0,1.0
25013,7,1.0,13.64,1,0,,,,,,2.0,114.0,109.0,,113.0,1,1.0,1.0
25014,7,1.0,13.72,1,3,,,,,,2.0,103.0,103.0,,104.0,2,1.0,1.0
